timestamp,Tide_PressureVal,is_anomaly
1,736.081,0
2,736.436,0
3,737.058,0
4,737.688,0
5,738.075,0
6,738.602,0
7,739.403,0
8,740.139,0
9,740.412,0
10,740.573,0
11,741.073,0
12,740.905,0
13,740.546,0
14,740.264,0
15,740.005,0
16,739.556,0
17,739.17,0
18,738.779,0
19,738.816,0
20,738.424,0
21,738.147,0
22,737.649,0
23,737.559,0
24,737.307,0
25,737.089,0
26,737.102,0
27,737.497,0
28,737.888,0
29,738.329,0
30,738.844,0
31,739.643,0
32,740.232,0
33,740.544,0
34,741.099,0
35,741.738,0
36,741.776,0
37,741.504,0
38,741.129,0
39,740.492,0
40,739.754,0
41,739.096,0
42,738.211,0
43,737.541,0
44,737.057,0
45,736.187,0
46,735.71,0
47,734.993,0
48,734.406,0
49,734.462,0
50,734.567,0
51,735.587,0
52,736.099,0
53,736.543,0
54,736.234,0
55,737.028,0
56,737.942,0
57,738.407,0
58,738.768,0
59,739.193,0
60,739.68,0
61,739.195,0
62,738.867,0
63,738.544,0
64,738.021,0
65,737.601,0
66,737.355,0
67,736.809,0
68,736.046,0
69,735.659,0
70,735,0
71,734.597,0
72,734.43,0
73,734.324,0
74,734.506,0
75,734.689,0
76,734.893,0
77,735.355,0
78,735.978,0
79,736.522,0
80,737.068,0
81,737.703,0
82,738.186,0
83,738.658,0
84,739.3,0
85,739.729,0
86,740.026,0
87,739.996,0
88,739.838,0
89,739.544,0
90,739.027,0
91,738.499,0
92,738.1,0
93,737.586,0
94,737.066,0
95,736.552,0
96,735.968,0
97,735.475,0
98,735.237,0
99,735.121,0
100,735.223,0
101,735.727,0
102,736.112,0
103,736.767,0
104,737.437,0
105,738.141,0
106,738.691,0
107,739.57,0
108,740.164,0
109,740.641,0
110,741.099,0
111,741.422,0
112,741.401,0
113,741.255,0
114,741.049,0
115,740.395,0
116,739.852,0
117,739.367,0
118,738.706,0
119,738.065,0
120,737.501,0
121,736.91,0
122,736.376,0
123,736.179,0
124,736.116,0
125,736.179,0
126,736.962,0
127,737.342,0
128,737.754,0
129,738.397,0
130,739.07,0
131,739.978,0
132,740.356,0
133,740.583,0
134,740.95,0
135,741.315,0
136,741.309,0
137,740.982,0
138,740.665,0
139,740.108,0
140,739.584,0
141,738.722,0
142,737.976,0
143,737.425,0
144,736.554,0
145,735.511,0
146,734.942,0
147,734.389,0
148,733.965,0
149,733.892,0
150,734.037,0
151,734.339,0
152,734.96,0
153,735.96,0
154,736.529,0
155,737.201,0
156,737.451,0
157,738.659,0
158,740.07,0
159,741.034,0
160,741.052,0
161,741.293,0
162,740.533,0
163,740.58,0
164,739.467,0
165,738.722,0
166,738.572,0
167,736.931,0
168,736.644,0
169,736.353,0
170,735.23,0
171,734.566,0
172,734.636,0
173,734.165,0
174,733.897,0
175,734.466,0
176,734.826,0
177,735.467,0
178,735.671,0
179,736.468,0
180,737.009,0
181,737.472,0
182,738.164,0
183,739.064,0
184,739.771,0
185,740.362,0
186,740.508,0
187,740.65,0
188,740.28,0
189,739.884,0
190,739.209,0
191,738.21,0
192,737.624,0
193,737.137,0
194,736.588,0
195,735.849,0
196,735.535,0
197,735.274,0
198,735.225,0
199,735.5,0
200,735.834,0
201,736.248,0
202,736.918,0
203,737.67,0
204,738.446,0
205,739.362,0
206,740.235,0
207,741.121,0
208,742.152,0
209,742.529,0
210,743.124,0
211,743.12,0
212,743.096,0
213,742.817,0
214,741.983,0
215,741.202,0
216,740.74,0
217,739.697,0
218,738.737,0
219,737.973,0
220,737.026,0
221,736.408,0
222,736.169,0
223,735.909,0
224,735.886,0
225,736.181,0
226,736.745,0
227,737.229,0
228,738.016,0
229,738.808,0
230,739.978,0
231,740.228,0
232,740.857,0
233,741.408,0
234,741.714,0
235,741.718,0
236,741.876,0
237,741.259,0
238,740.699,0
239,740.325,0
240,739.598,0
241,738.247,0
242,738.048,0
243,736.929,0
244,736.072,0
245,735.006,0
246,735.2,0
247,734.647,0
248,734.583,0
249,734.438,0
250,734.862,0
251,735.453,0
252,736.494,0
253,737.512,0
254,738.63,0
255,738.911,0
256,739.089,0
257,739.952,0
258,740.152,0
259,740.514,0
260,740.566,0
261,740.807,0
262,740.449,0
263,739.917,0
264,739.022,0
265,738.561,0
266,737.592,0
267,736.965,0
268,735.784,0
269,735.165,0
270,734.452,0
271,734.652,0
272,734.562,0
273,734.543,0
274,734.805,0
275,735.542,0
276,735.88,0
277,736.053,0
278,736.898,0
279,737.635,0
280,738.426,0
281,739.329,0
282,740.412,0
283,741.16,0
284,741.732,0
285,742.124,0
286,741.836,0
287,741.254,0
288,740.528,0
289,739.544,0
290,738.611,0
291,737.704,0
292,736.926,0
293,736.34,0
294,735.86,0
295,735.198,0
296,734.952,0
297,735.302,0
298,735.459,0
299,736.132,0
300,737.174,0
301,737.66,0
302,738.375,0
303,739.699,0
304,740.702,0
305,741.183,0
306,742.063,0
307,742.743,0
308,743.26,0
309,743.955,0
310,743.277,0
311,742.684,0
312,742.466,0
313,741.488,0
314,740.529,0
315,739.487,0
316,738.577,0
317,737.857,0
318,737.26,0
319,736.198,0
320,735.587,0
321,735.501,0
322,735.462,0
323,735.524,0
324,735.846,0
325,736.73,0
326,737.312,0
327,738.242,0
328,739.088,0
329,739.806,0
330,740.331,0
331,740.866,0
332,741.541,0
333,741.866,0
334,741.654,0
335,741.46,0
336,740.98,0
337,740.162,0
338,739.044,0
339,738.192,0
340,737.439,0
341,736.194,0
342,735.395,0
343,734.752,0
344,734.009,0
345,733.764,0
346,733.443,0
347,733.727,0
348,734.374,0
349,734.931,0
350,735.688,0
351,736.811,0
352,737.749,0
353,738.969,0
354,739.886,0
355,740.609,0
356,741.536,0
357,742.495,0
358,742.497,0
359,742.388,0
360,742.083,0
361,741.697,0
362,740.85,0
363,739.791,0
364,738.793,0
365,737.631,0
366,736.842,0
367,736.231,0
368,735.744,0
369,735.128,0
370,734.782,0
371,735.007,0
372,735.225,0
373,736.247,0
374,736.766,0
375,737.66,0
376,738.695,0
377,739.539,0
378,740.217,0
379,741.035,0
380,742.307,0
381,742.916,0
382,743.547,0
383,743.533,0
384,743.123,0
385,742.911,0
386,742.251,0
387,740.796,0
388,739.956,0
389,739.193,0
390,738.296,0
391,737.294,0
392,736.57,0
393,736.22,0
394,735.821,0
395,735.748,0
396,736.044,0
397,736.461,0
398,736.8,0
399,737.493,0
400,738.113,0
401,738.983,0
402,739.659,0
403,740.521,0
404,741.554,0
405,742.235,0
406,742.744,0
407,743.187,0
408,743.057,0
409,742.486,0
410,741.991,0
411,741.163,0
412,740.031,0
413,739.052,0
414,738.171,0
415,737.225,0
416,736.422,0
417,735.655,0
418,734.926,0
419,734.433,0
420,734.356,0
421,734.636,0
422,735.151,0
423,735.721,0
424,736.436,0
425,737.35,0
426,738.304,0
427,738.957,0
428,739.683,0
429,740.52,0
430,741.151,0
431,741.817,0
432,742.055,0
433,741.739,0
434,741.511,0
435,740.937,0
436,739.808,0
437,738.916,0
438,738.124,0
439,737.233,0
440,736.703,0
441,735.974,0
442,735.289,0
443,735.053,0
444,734.7,0
445,734.614,0
446,735.176,0
447,735.924,0
448,736.305,0
449,737.188,0
450,738.308,0
451,739.086,0
452,739.885,0
453,740.748,0
454,741.336,0
455,741.868,0
456,742.121,0
457,741.853,0
458,741.463,0
459,741.076,0
460,740.287,0
461,739.228,0
462,738.36,0
463,737.354,0
464,736.472,0
465,736.034,0
466,735.153,0
467,734.285,0
468,733.729,0
469,733.771,0
470,733.808,0
471,734.056,0
472,734.699,0
473,736.132,0
474,737.268,0
475,738.119,0
476,739.878,0
477,740.399,0
478,740.827,0
479,741.55,0
480,741.281,0
481,741.893,0
482,742.334,0
483,741.026,0
484,740.816,0
485,740.074,0
486,738.562,0
487,737.654,0
488,737.05,0
489,734.971,0
490,733.906,0
491,733.337,0
492,732.903,0
493,732.907,0
494,733.385,0
495,734.117,0
496,734.756,0
497,735.646,0
498,736.553,0
499,737.268,0
500,738.091,0
501,738.804,0
502,739.454,0
503,739.906,0
504,740.485,0
505,740.951,0
506,741.08,0
507,740.979,0
508,740.828,0
509,739.963,0
510,738.993,0
511,738.359,0
512,737.153,0
513,736.219,0
514,735.521,0
515,734.671,0
516,734.293,0
517,733.914,0
518,733.724,0
519,734.255,0
520,734.662,0
521,735.017,0
522,735.555,0
523,736.31,0
524,737.149,0
525,737.615,0
526,738.275,0
527,739.187,0
528,739.9,0
529,740.422,0
530,741.019,0
531,740.851,0
532,740.443,0
533,740.31,0
534,739.444,0
535,738.546,0
536,737.897,0
537,737.121,0
538,736.381,0
539,735.707,0
540,734.902,0
541,734.372,0
542,734.492,0
543,734.503,0
544,734.548,0
545,735.112,0
546,735.739,0
547,736.18,0
548,736.985,0
549,737.864,0
550,738.56,0
551,739.313,0
552,740.008,0
553,740.418,0
554,740.651,0
555,740.589,0
556,740.321,0
557,739.899,0
558,739.106,0
559,738.352,0
560,737.67,0
561,736.773,0
562,736.076,0
563,735.355,0
564,734.436,0
565,733.587,0
566,732.98,0
567,732.683,0
568,732.959,0
569,733.443,0
570,733.75,0
571,734.341,0
572,735.417,0
573,736.153,0
574,736.615,0
575,737.299,0
576,737.925,0
577,738.643,0
578,739.333,0
579,739.462,0
580,739.207,0
581,739.282,0
582,738.799,0
583,737.931,0
584,737.075,0
585,736.702,0
586,736.195,0
587,735.517,0
588,734.827,0
589,734.1,0
590,733.768,0
591,733.768,0
592,733.678,0
593,733.922,0
594,734.433,0
595,734.936,0
596,735.654,0
597,736.414,0
598,737.26,0
599,737.898,0
600,738.429,0
601,738.932,0
602,739.372,0
603,739.906,0
604,740.119,0
605,739.969,0
606,739.857,0
607,739.53,0
608,738.783,0
609,738.001,0
610,737.331,0
611,736.402,0
612,735.515,0
613,734.774,0
614,734.055,0
615,733.595,0
616,733.407,0
617,733.312,0
618,733.595,0
619,734.01,0
620,734.506,0
621,735.24,0
622,736.085,0
623,736.752,0
624,737.409,0
625,738.228,0
626,738.999,0
627,739.618,0
628,740.243,0
629,740.336,0
630,740.082,0
631,739.87,0
632,739.343,0
633,738.684,0
634,738.216,0
635,737.75,0
636,737.251,0
637,736.72,0
638,736.285,0
639,735.873,0
640,735.57,0
641,735.55,0
642,735.653,0
643,735.973,0
644,736.331,0
645,736.772,0
646,737.201,0
647,737.892,0
648,738.362,0
649,738.803,0
650,739.421,0
651,739.844,0
652,740.082,0
653,740.158,0
654,739.887,0
655,739.438,0
656,739.01,0
657,738.5,0
658,737.595,0
659,736.82,0
660,736.256,0
661,735.428,0
662,734.746,0
663,733.937,0
664,732.934,0
665,732.638,0
666,731.973,0
667,731.745,0
668,731.524,0
669,731.943,0
670,732.581,0
671,734.211,0
672,734.875,0
673,734.592,0
674,734.989,0
675,735.319,0
676,735.816,0
677,736.427,0
678,736.593,0
679,736.879,0
680,736.905,0
681,736.134,0
682,735.593,0
683,735.106,0
684,734.608,0
685,734.14,0
686,733.712,0
687,733.204,0
688,732.892,0
689,732.61,0
690,732.416,0
691,732.594,0
692,732.957,0
693,733.211,0
694,733.83,0
695,734.368,0
696,734.84,0
697,735.567,0
698,736.302,0
699,736.702,0
700,737.291,0
701,737.91,0
702,738.404,0
703,738.839,0
704,738.617,0
705,738.221,0
706,737.976,0
707,737.677,0
708,736.991,0
709,736.343,0
710,736.103,0
711,735.689,0
712,735.199,0
713,734.905,0
714,734.658,0
715,734.593,0
716,734.614,0
717,735.231,0
718,735.021,0
719,735.242,0
720,735.584,0
721,736.134,0
722,736.791,0
723,737.351,0
724,737.945,0
725,738.834,0
726,739.369,0
727,740.075,0
728,740.325,0
729,740.249,0
730,740.098,0
731,739.647,0
732,738.984,0
733,738.417,0
734,737.97,0
735,737.302,0
736,736.817,0
737,736.407,0
738,735.891,0
739,735.561,0
740,735.286,0
741,735.143,0
742,735.161,0
743,735.216,0
744,735.413,0
745,735.78,0
746,736.019,0
747,736.166,0
748,736.612,0
749,737.088,0
750,737.136,0
751,737.459,0
752,737.647,0
753,737.512,0
754,737.273,0
755,737.036,0
756,736.419,0
757,735.797,0
758,735.182,0
759,734.527,0
760,733.957,0
761,733.209,0
762,732.51,0
763,731.885,0
764,731.319,0
765,731.032,0
766,730.991,0
767,731.094,0
768,731.35,0
769,731.628,0
770,732.135,0
771,732.711,0
772,733.081,0
773,733.453,0
774,733.966,0
775,734.657,0
776,735.17,0
777,735.743,0
778,736.291,0
779,736.506,0
780,736.435,0
781,736.091,0
782,735.579,0
783,735.001,0
784,734.535,0
785,733.953,0
786,733.55,0
787,733.246,0
788,732.918,0
789,732.734,0
790,732.638,0
791,732.535,0
792,732.624,0
793,732.815,0
794,733.153,0
795,733.739,0
796,734.364,0
797,734.9,0
798,735.588,0
799,736.185,0
800,736.692,0
801,737.152,0
802,737.559,0
803,737.826,0
804,738.015,0
805,737.922,0
806,737.567,0
807,737.171,0
808,736.623,0
809,736.148,0
810,735.532,0
811,734.924,0
812,734.342,0
813,733.706,0
814,733.14,0
815,732.704,0
816,732.497,0
817,732.608,0
818,732.797,0
819,733.124,0
820,733.629,0
821,734.196,0
822,734.734,0
823,735.238,0
824,735.751,0
825,736.396,0
826,737.004,0
827,737.389,0
828,737.798,0
829,738.206,0
830,738.154,0
831,737.917,0
832,737.493,0
833,736.978,0
834,736.361,0
835,735.831,0
836,735.249,0
837,734.684,0
838,734.263,0
839,733.666,0
840,733.115,0
841,732.935,0
842,732.991,0
843,733.114,0
844,733.436,0
845,733.947,0
846,734.476,0
847,734.902,0
848,735.448,0
849,736.027,0
850,736.479,0
851,737.016,0
852,737.456,0
853,737.868,0
854,738.111,0
855,738.07,0
856,737.831,0
857,737.482,0
858,737.004,0
859,736.363,0
860,735.735,0
861,735.078,0
862,734.345,0
863,733.752,0
864,733.22,0
865,732.706,0
866,732.374,0
867,732.408,0
868,732.612,0
869,732.946,0
870,733.382,0
871,733.899,0
872,734.504,0
873,735.186,0
874,735.894,0
875,736.599,0
876,737.395,0
877,738.026,0
878,738.607,0
879,738.962,0
880,738.997,0
881,738.787,0
882,738.226,0
883,737.678,0
884,737.238,0
885,736.611,0
886,735.992,0
887,735.511,0
888,734.859,0
889,734.134,0
890,733.764,0
891,733.415,0
892,733.344,0
893,733.511,0
894,733.834,0
895,734.326,0
896,734.938,0
897,735.632,0
898,736.247,0
899,736.842,0
900,737.465,0
901,738.191,0
902,738.875,0
903,739.399,0
904,739.585,0
905,739.687,0
906,739.536,0
907,739.042,0
908,738.373,0
909,737.579,0
910,736.817,0
911,735.866,0
912,735.034,0
913,734.211,0
914,733.357,0
915,732.739,0
916,732.32,0
917,732.215,0
918,732.495,0
919,732.977,0
920,733.639,0
921,734.464,0
922,735.31,0
923,736.103,0
924,736.912,0
925,737.661,0
926,738.387,0
927,739.141,0
928,739.865,0
929,740.213,0
930,740.207,0
931,739.947,0
932,739.472,0
933,738.751,0
934,737.896,0
935,736.964,0
936,736.047,0
937,735.259,0
938,734.509,0
939,733.662,0
940,732.965,0
941,732.661,0
942,732.759,0
943,733.065,0
944,733.529,0
945,734.168,0
946,735.038,0
947,735.988,0
948,736.878,0
949,737.673,0
950,738.606,0
951,739.429,0
952,740.319,0
953,740.956,0
954,741.483,0
955,741.419,0
956,741.065,0
957,740.445,0
958,739.547,0
959,738.696,0
960,737.778,0
961,736.735,0
962,735.808,0
963,735.003,0
964,734.261,0
965,733.589,0
966,733.157,0
967,733.149,0
968,733.451,0
969,734.104,0
970,734.81,0
971,735.775,0
972,737,0
973,738.112,0
974,738.948,0
975,739.972,0
976,740.985,0
977,741.937,0
978,742.444,0
979,742.603,0
980,742.313,0
981,741.817,0
982,741.258,0
983,740.316,0
984,739.202,0
985,738.064,0
986,736.957,0
987,735.953,0
988,734.99,0
989,734.204,0
990,733.356,0
991,732.807,0
992,732.817,0
993,733.297,0
994,733.938,0
995,734.801,0
996,735.882,0
997,736.989,0
998,737.975,0
999,738.981,0
1000,739.977,0
1001,740.889,0
1002,741.66,0
1003,742.472,0
1004,742.726,0
1005,742.454,0
1006,741.947,0
1007,741.272,0
1008,740.163,0
1009,738.954,0
1010,737.91,0
1011,736.761,0
1012,735.77,0
1013,734.852,0
1014,733.873,0
1015,733.168,0
1016,732.841,0
1017,733.06,0
1018,733.664,0
1019,734.26,0
1020,735.116,0
1021,736.441,0
1022,737.829,0
1023,738.546,0
1024,739.643,0
1025,740.708,0
1026,741.794,0
1027,742.856,0
1028,743.178,0
1029,743.309,0
1030,742.946,0
1031,742.505,0
1032,741.932,0
1033,740.688,0
1034,739.722,0
1035,738.186,0
1036,736.849,0
1037,735.428,0
1038,734.527,0
1039,733.04,0
1040,732.087,0
1041,731.863,0
1042,732.177,0
1043,732.866,0
1044,733.539,0
1045,734.931,0
1046,735.6,0
1047,737.09,0
1048,738.226,0
1049,738.966,0
1050,740.018,0
1051,740.993,0
1052,741.922,0
1053,742.679,0
1054,742.667,0
1055,741.982,0
1056,741.492,0
1057,740.763,0
1058,739.674,0
1059,738.42,0
1060,736.943,0
1061,735.815,0
1062,734.674,0
1063,733.937,0
1064,732.751,0
1065,731.8,0
1066,732.07,0
1067,732.425,0
1068,733.291,0
1069,734.497,0
1070,734.955,0
1071,736.114,0
1072,737.71,0
1073,738.548,0
1074,739.655,0
1075,740.619,0
1076,741.381,0
1077,742.462,0
1078,742.822,0
1079,742.827,0
1080,742.273,0
1081,741.478,0
1082,740.683,0
1083,739.738,0
1084,738.309,0
1085,736.461,0
1086,735.486,0
1087,734.224,0
1088,733.116,0
1089,732.343,0
1090,731.527,0
1091,731.49,0
1092,732.012,0
1093,732.722,0
1094,733.61,0
1095,734.374,0
1096,735.638,0
1097,736.856,0
1098,738.044,0
1099,739.485,0
1100,739.996,0
1101,741.071,0
1102,741.92,0
1103,742.499,0
1104,742.334,0
1105,741.93,0
1106,741.581,0
1107,740.488,0
1108,739.266,0
1109,737.929,0
1110,736.682,0
1111,735.52,0
1112,734.415,0
1113,733.317,0
1114,732.305,0
1115,731.81,0
1116,731.99,0
1117,732.633,0
1118,733.559,0
1119,734.508,0
1120,735.718,0
1121,736.955,0
1122,738.307,0
1123,739.371,0
1124,740.5,0
1125,741.621,0
1126,742.32,0
1127,743.122,0
1128,743.675,0
1129,743.141,0
1130,742.426,0
1131,741.868,0
1132,740.711,0
1133,739.428,0
1134,738.009,0
1135,736.4,0
1136,735.344,0
1137,734.302,0
1138,733.007,0
1139,732.09,0
1140,731.638,0
1141,731.633,0
1142,732.294,0
1143,733.097,0
1144,734.126,0
1145,735.26,0
1146,736.472,0
1147,737.626,0
1148,738.471,0
1149,739.816,0
1150,740.728,0
1151,741.664,0
1152,742.378,0
1153,742.603,0
1154,742.516,0
1155,741.898,0
1156,741.296,0
1157,740.307,0
1158,739.053,0
1159,737.611,0
1160,736.365,0
1161,735.266,0
1162,734.235,0
1163,733.102,0
1164,732.463,0
1165,732.397,0
1166,732.743,0
1167,733.546,0
1168,734.225,0
1169,735.121,0
1170,736.426,0
1171,737.452,0
1172,738.491,0
1173,739.518,0
1174,740.564,0
1175,741.438,0
1176,742.281,0
1177,742.733,0
1178,742.795,0
1179,742.239,0
1180,741.426,0
1181,740.545,0
1182,739.5,0
1183,738.002,0
1184,736.277,0
1185,734.879,0
1186,733.953,0
1187,732.716,0
1188,731.67,0
1189,730.93,0
1190,730.595,0
1191,730.884,0
1192,731.825,0
1193,732.574,0
1194,733.48,0
1195,734.352,0
1196,735.415,0
1197,736.468,0
1198,737.401,0
1199,738.182,0
1200,739.048,0
1201,739.906,0
1202,740.504,0
1203,740.623,0
1204,740.442,0
1205,740.15,0
1206,739.367,0
1207,738.082,0
1208,736.723,0
1209,735.578,0
1210,734.502,0
1211,733.463,0
1212,732.376,0
1213,731.703,0
1214,731.546,0
1215,731.712,0
1216,732.299,0
1217,733.208,0
1218,-999,0
1219,-999,0
1220,-999,0
1221,-999,0
1222,-999,0
1223,-999,0
1224,-999,0
1225,-999,0
1226,-999,0
1227,-999,0
1228,-999,0
1229,-999,0
1230,-999,0
1231,-999,0
1232,-999,0
1233,736.812,0
1234,735.539,0
1235,734.832,0
1236,733.654,0
1237,732.818,0
1238,731.934,0
1239,731.486,0
1240,731.402,0
1241,731.752,0
1242,732.415,0
1243,733.216,0
1244,734.248,0
1245,735.212,0
1246,736.094,0
1247,736.69,0
1248,737.374,0
1249,738.194,0
1250,738.814,0
1251,739.541,0
1252,740.002,0
1253,739.976,0
1254,739.687,0
1255,739.239,0
1256,738.413,0
1257,737.32,0
1258,735.945,0
1259,735.001,0
1260,734.138,0
1261,733.274,0
1262,732.515,0
1263,732.18,0
1264,732.123,0
1265,732.5,0
1266,733.313,0
1267,734.053,0
1268,734.971,0
1269,735.97,0
1270,736.94,0
1271,737.745,0
1272,738.414,0
1273,739.256,0
1274,740.095,0
1275,740.653,0
1276,741.074,0
1277,741.237,0
1278,740.829,0
1279,740.26,0
1280,739.65,0
1281,738.59,0
1282,737.403,0
1283,736.302,0
1284,735.231,0
1285,734.479,0
1286,733.801,0
1287,732.957,0
1288,732.466,0
1289,732.439,0
1290,732.475,0
1291,732.811,0
1292,733.597,0
1293,734.408,0
1294,735.169,0
1295,735.969,0
1296,736.777,0
1297,737.417,0
1298,737.979,0
1299,738.391,0
1300,738.933,0
1301,739.499,0
1302,739.526,0
1303,739.381,0
1304,739.064,0
1305,738.515,0
1306,737.616,0
1307,736.569,0
1308,735.615,0
1309,734.931,0
1310,734.259,0
1311,733.646,0
1312,733.237,0
1313,733.072,0
1314,733.342,0
1315,733.772,0
1316,734.366,0
1317,735.092,0
1318,735.827,0
1319,736.527,0
1320,737.359,0
1321,737.831,0
1322,738.541,0
1323,739.096,0
1324,739.968,0
1325,740.688,0
1326,740.827,0
1327,740.852,0
1328,740.442,0
1329,739.687,0
1330,738.888,0
1331,737.795,0
1332,736.715,0
1333,735.819,0
1334,735.128,0
1335,734.517,0
1336,734.032,0
1337,733.538,0
1338,733.1,0
1339,733.243,0
1340,733.609,0
1341,733.911,0
1342,734.435,0
1343,734.931,0
1344,735.658,0
1345,736.136,0
1346,736.627,0
1347,737.268,0
1348,737.828,0
1349,738.125,0
1350,738.626,0
1351,738.946,0
1352,739.181,0
1353,739.153,0
1354,738.717,0
1355,738.005,0
1356,737.239,0
1357,736.399,0
1358,735.807,0
1359,735.319,0
1360,734.843,0
1361,734.415,0
1362,734.393,0
1363,734.259,0
1364,734.487,0
1365,734.858,0
1366,735.252,0
1367,735.41,0
1368,736.044,0
1369,736.685,0
1370,737.229,0
1371,737.688,0
1372,738.158,0
1373,738.947,0
1374,740.014,0
1375,740.276,0
1376,740.621,0
1377,741.203,0
1378,741.202,0
1379,739.97,0
1380,739.668,0
1381,740.484,0
1382,739.442,0
1383,737.868,0
1384,738.755,0
1385,737.162,0
1386,736.223,0
1387,735.533,0
1388,734.793,0
1389,735.071,0
1390,736.295,0
1391,736.862,0
1392,735.276,0
1393,735.699,0
1394,736.588,0
1395,736.583,0
1396,737.19,0
1397,737.453,0
1398,738.147,0
1399,738.903,0
1400,738.977,0
1401,739.184,0
1402,738.917,0
1403,738.585,0
1404,737.944,0
1405,737.494,0
1406,737.471,0
1407,736.198,0
1408,736.147,0
1409,735.899,0
1410,736.218,0
1411,735.909,0
1412,734.958,0
1413,735.477,0
1414,735.579,0
1415,735.304,0
1416,736.1,0
1417,735.718,0
1418,737.646,0
1419,736.597,0
1420,736.982,0
1421,737.171,0
1422,737.945,0
1423,738.808,0
1424,738.718,0
1425,739.598,0
1426,740.396,0
1427,740.003,0
1428,739.68,0
1429,739.691,0
1430,738.558,0
1431,737.889,0
1432,737.898,0
1433,737.818,0
1434,737.378,0
1435,737.205,0
1436,737.142,0
1437,736.864,0
1438,736.901,0
1439,736.742,0
1440,736.94,0
1441,737.076,0
1442,737.214,0
1443,737.833,0
1444,738.206,0
1445,738.4,0
1446,738.886,0
1447,739.368,0
1448,739.563,0
1449,740.033,0
1450,739.987,0
1451,740.174,0
1452,740.333,0
1453,740.104,0
1454,740.32,0
1455,740.526,0
1456,739.662,0
1457,739.242,0
1458,738.844,0
1459,738.302,0
1460,737.624,0
1461,737.22,0
1462,736.703,0
1463,736.073,0
1464,735.586,0
1465,735.323,0
1466,735.079,0
1467,735.002,0
1468,735.312,0
1469,735.699,0
1470,736.994,0
1471,736.47,0
1472,737.084,0
1473,736.897,0
1474,737.51,0
1475,737.671,0
1476,737.817,0
1477,737.826,0
1478,737.955,0
1479,737.76,0
1480,737.404,0
1481,737.62,0
1482,737.494,0
1483,736.841,0
1484,736.55,0
1485,735.612,0
1486,734.889,0
1487,734.574,0
1488,734.465,0
1489,734.391,0
1490,734.818,0
1491,734.63,0
1492,735.086,0
1493,735.552,0
1494,736.01,0
1495,736.624,0
1496,737.239,0
1497,737.662,0
1498,738.484,0
1499,739.171,0
1500,739.418,0
1501,740.13,0
1502,740.554,0
1503,740.512,0
1504,740.366,0
1505,740.352,0
1506,739.769,0
1507,739.191,0
1508,738.765,0
1509,738.117,0
1510,737.245,0
1511,736.764,0
1512,736.199,0
1513,735.975,0
1514,735.864,0
1515,735.485,0
1516,735.437,0
1517,735.639,0
1518,735.914,0
1519,736.171,0
1520,736.711,0
1521,737.023,0
1522,737.462,0
1523,738.236,0
1524,738.868,0
1525,739.205,0
1526,739.654,0
1527,739.931,0
1528,740.189,0
1529,740.252,0
1530,739.943,0
1531,739.628,0
1532,738.973,0
1533,738.185,0
1534,737.817,0
1535,737.183,0
1536,736.425,0
1537,736.116,0
1538,735.851,0
1539,735.44,0
1540,735.594,0
1541,735.779,0
1542,735.799,0
1543,736.602,0
1544,737.307,0
1545,737.78,0
1546,738.633,0
1547,738.951,0
1548,739.409,0
1549,740.073,0
1550,740.455,0
1551,740.591,0
1552,740.896,0
1553,741.297,0
1554,740.958,0
1555,740.478,0
1556,740.19,0
1557,739.614,0
1558,739.165,0
1559,738.458,0
1560,737.392,0
1561,736.693,0
1562,736.17,0
1563,735.352,0
1564,734.808,0
1565,734.6,0
1566,734.786,0
1567,735.025,0
1568,735.304,0
1569,735.783,0
1570,736.423,0
1571,737.131,0
1572,738.126,0
1573,738.168,0
1574,738.78,0
1575,739.374,0
1576,739.998,0
1577,739.573,0
1578,739.995,0
1579,739.685,0
1580,739.253,0
1581,738.811,0
1582,738.057,0
1583,736.854,0
1584,736.243,0
1585,735.364,0
1586,734.7,0
1587,734.619,0
1588,734.346,0
1589,733.471,0
1590,733.397,0
1591,733.956,0
1592,734.066,0
1593,734.556,0
1594,735.178,0
1595,735.327,0
1596,735.727,0
1597,736.271,0
1598,737.055,0
1599,737.807,0
1600,738.232,0
1601,738.544,0
1602,739.004,0
1603,739.06,0
1604,738.898,0
1605,738.494,0
1606,738.356,0
1607,737.455,0
1608,736.892,0
1609,735.753,0
1610,735.099,0
1611,734.735,0
1612,734.097,0
1613,733.954,0
1614,733.613,0
1615,733.531,0
1616,734.087,0
1617,734.55,0
1618,734.975,0
1619,735.985,0
1620,736.914,0
1621,737.635,0
1622,738.693,0
1623,739.637,0
1624,740.528,0
1625,741.442,0
1626,742.201,0
1627,742.706,0
1628,742.615,0
1629,742.561,0
1630,742.201,0
1631,741.389,0
1632,740.627,0
1633,739.851,0
1634,739.106,0
1635,738.464,0
1636,737.815,0
1637,737.008,0
1638,736.757,0
1639,737.043,0
1640,737.266,0
1641,737.529,0
1642,738.115,0
1643,738.799,0
1644,739.474,0
1645,740.233,0
1646,740.879,0
1647,741.405,0
1648,742.054,0
1649,742.509,0
1650,743.014,0
1651,743.185,0
1652,743.232,0
1653,742.948,0
1654,741.784,0
1655,741.208,0
1656,740.333,0
1657,739.136,0
1658,738.079,0
1659,737.009,0
1660,735.914,0
1661,734.849,0
1662,733.946,0
1663,733.477,0
1664,733.073,0
1665,733.191,0
1666,733.801,0
1667,734.727,0
1668,735.75,0
1669,736.883,0
1670,738.019,0
1671,738.312,0
1672,739.314,0
1673,739.42,0
1674,739.868,0
1675,740.335,0
1676,740.221,0
1677,739.732,0
1678,739.254,0
1679,738.853,0
1680,741.646,0
1681,741.488,0
1682,739.1,0
1683,736.316,0
1684,735.452,0
1685,733.534,0
1686,733.009,0
1687,733.038,0
1688,732.395,0
1689,732.126,0
1690,732.646,0
1691,733.153,0
1692,733.859,0
1693,735.241,0
1694,736.084,0
1695,736.849,0
1696,737.67,0
1697,738.678,0
1698,739.654,0
1699,739.829,0
1700,740.571,0
1701,741.155,0
1702,740.811,0
1703,740.205,0
1704,739.653,0
1705,738.99,0
1706,737.98,0
1707,736.627,0
1708,735.789,0
1709,735.113,0
1710,734.43,0
1711,733.911,0
1712,733.463,0
1713,733.607,0
1714,734.117,0
1715,734.724,0
1716,735.275,0
1717,736.238,0
1718,737.251,0
1719,738.209,0
1720,739.07,0
1721,740.161,0
1722,741.108,0
1723,741.693,0
1724,742.5,0
1725,743.046,0
1726,742.907,0
1727,742.593,0
1728,742.072,0
1729,741.586,0
1730,740.642,0
1731,739.383,0
1732,738.368,0
1733,737.608,0
1734,736.664,0
1735,735.809,0
1736,735.145,0
1737,734.587,0
1738,734.71,0
1739,735.339,0
1740,735.686,0
1741,736.442,0
1742,737.416,0
1743,738.271,0
1744,739.254,0
1745,740.138,0
1746,740.661,0
1747,741.203,0
1748,741.919,0
1749,742.038,0
1750,742.247,0
1751,742.128,0
1752,741.366,0
1753,740.773,0
1754,739.938,0
1755,738.822,0
1756,737.437,0
1757,736.101,0
1758,735.046,0
1759,734.066,0
1760,733.193,0
1761,732.375,0
1762,732.019,0
1763,732.504,0
1764,733.135,0
1765,733.792,0
1766,734.816,0
1767,735.943,0
1768,737.167,0
1769,738.268,0
1770,738.936,0
1771,739.87,0
1772,740.68,0
1773,741.306,0
1774,741.602,0
1775,741.601,0
1776,741.008,0
1777,740.576,0
1778,739.98,0
1779,738.899,0
1780,737.69,0
1781,736.618,0
1782,735.638,0
1783,734.744,0
1784,734.083,0
1785,733.573,0
1786,733.224,0
1787,733.416,0
1788,734.132,0
1789,735.003,0
1790,735.754,0
1791,736.667,0
1792,737.593,0
1793,738.485,0
1794,739.34,0
1795,739.995,0
1796,740.765,0
1797,741.463,0
1798,742.061,0
1799,742.259,0
1800,742.073,0
1801,741.639,0
1802,740.799,0
1803,739.838,0
1804,738.875,0
1805,737.564,0
1806,736.255,0
1807,735.26,0
1808,734.479,0
1809,733.694,0
1810,733.045,0
1811,732.763,0
1812,732.983,0
1813,733.644,0
1814,734.392,0
1815,735.193,0
1816,736.297,0
1817,737.43,0
1818,738.299,0
1819,739.091,0
1820,739.96,0
1821,740.938,0
1822,741.621,0
1823,742.249,0
1824,742.361,0
1825,741.731,0
1826,741.468,0
1827,741.067,0
1828,739.78,0
1829,738.261,0
1830,737.119,0
1831,736.047,0
1832,735.125,0
1833,734.525,0
1834,733.931,0
1835,733.628,0
1836,734.001,0
1837,734.629,0
1838,735.541,0
1839,736.512,0
1840,737.726,0
1841,738.792,0
1842,739.934,0
1843,740.572,0
1844,741.487,0
1845,742.405,0
1846,743.012,0
1847,743.407,0
1848,743.553,0
1849,743.217,0
1850,742.805,0
1851,742.203,0
1852,741.331,0
1853,740.251,0
1854,738.992,0
1855,737.628,0
1856,736.637,0
1857,735.735,0
1858,734.942,0
1859,734.492,0
1860,734.232,0
1861,734.318,0
1862,735.244,0
1863,736.178,0
1864,737.087,0
1865,738.275,0
1866,739.477,0
1867,739.704,0
1868,740.553,0
1869,741.749,0
1870,742.261,0
1871,742.74,0
1872,742.889,0
1873,743.201,0
1874,742.561,0
1875,742.386,0
1876,740.722,0
1877,740.062,0
1878,738.082,0
1879,736.711,0
1880,736.35,0
1881,736.419,0
1882,734.725,0
1883,734.519,0
1884,734.025,0
1885,734.337,0
1886,734.828,0
1887,734.809,0
1888,735.707,0
1889,736.844,0
1890,737.444,0
1891,738.486,0
1892,739.343,0
1893,740.173,0
1894,741.328,0
1895,741.86,0
1896,742.15,0
1897,743.442,0
1898,742.757,0
1899,742.072,0
1900,741.9,0
1901,741.021,0
1902,740.03,0
1903,741.105,0
1904,738.484,0
1905,736.932,0
1906,736.911,0
1907,735.25,0
1908,734.453,0
1909,732.634,0
1910,733.365,0
1911,733.636,0
1912,734.245,0
1913,735.753,0
1914,737.347,0
1915,737.029,0
1916,738.133,0
1917,738.83,0
1918,739.575,0
1919,740.774,0
1920,741.48,0
1921,741.938,0
1922,742.156,0
1923,741.855,0
1924,741.206,0
1925,740.574,0
1926,739.504,0
1927,738.484,0
1928,737.587,0
1929,736.434,0
1930,735.766,0
1931,735.001,0
1932,734.141,0
1933,733.92,0
1934,734.151,0
1935,734.888,0
1936,735.413,0
1937,736.117,0
1938,737.316,0
1939,738.611,0
1940,739.66,0
1941,740.387,0
1942,741.13,0
1943,742.398,0
1944,742.905,0
1945,743.348,0
1946,743.384,0
1947,742.905,0
1948,742.477,0
1949,741.764,0
1950,740.798,0
1951,739.566,0
1952,738.505,0
1953,737.074,0
1954,735.839,0
1955,734.963,0
1956,734.107,0
1957,733.286,0
1958,732.699,0
1959,732.677,0
1960,733,0
1961,733.691,0
1962,734.488,0
1963,735.475,0
1964,736.229,0
1965,737.28,0
1966,738.156,0
1967,738.802,0
1968,739.595,0
1969,740.112,0
1970,740.647,0
1971,740.805,0
1972,740.404,0
1973,739.894,0
1974,739.194,0
1975,738.21,0
1976,737.002,0
1977,735.833,0
1978,734.895,0
1979,734.263,0
1980,733.683,0
1981,733.292,0
1982,733.101,0
1983,733.209,0
1984,733.714,0
1985,734.464,0
1986,735.123,0
1987,735.862,0
1988,736.936,0
1989,737.802,0
1990,738.593,0
1991,739.335,0
1992,740.094,0
1993,740.789,0
1994,741.572,0
1995,742.059,0
1996,741.779,0
1997,741.503,0
1998,740.965,0
1999,740.072,0
2000,739.143,0
2001,738.113,0
2002,736.995,0
2003,736.229,0
2004,735.468,0
2005,734.924,0
2006,734.491,0
2007,734.079,0
2008,734.199,0
2009,734.588,0
2010,735.046,0
2011,735.6,0
2012,736.233,0
2013,737.125,0
2014,737.94,0
2015,738.532,0
2016,739.248,0
2017,739.959,0
2018,740.61,0
2019,741.191,0
2020,741.247,0
2021,740.892,0
2022,740.656,0
2023,740.135,0
2024,739.08,0
2025,738.179,0
2026,737.232,0
2027,736.327,0
2028,735.478,0
2029,734.788,0
2030,734.205,0
2031,733.816,0
2032,733.765,0
2033,734.25,0
2034,735.013,0
2035,735.584,0
2036,736.403,0
2037,737.337,0
2038,738.081,0
2039,738.542,0
2040,739.121,0
2041,739.673,0
2042,740.162,0
2043,740.576,0
2044,740.731,0
2045,740.631,0
2046,740.307,0
2047,739.833,0
2048,739.105,0
2049,738.12,0
2050,737.008,0
2051,735.994,0
2052,735.094,0
2053,734.435,0
2054,733.952,0
2055,733.366,0
2056,732.863,0
2057,732.942,0
2058,733.36,0
2059,733.852,0
2060,734.421,0
2061,735.144,0
2062,735.83,0
2063,736.631,0
2064,737.241,0
2065,737.767,0
2066,738.419,0
2067,738.863,0
2068,739.264,0
2069,739.602,0
2070,739.472,0
2071,739.244,0
2072,738.941,0
2073,738.221,0
2074,737.26,0
2075,736.459,0
2076,735.622,0
2077,734.983,0
2078,734.578,0
2079,734.042,0
2080,733.712,0
2081,733.915,0
2082,734.329,0
2083,734.837,0
2084,735.472,0
2085,736.049,0
2086,736.709,0
2087,737.242,0
2088,737.807,0
2089,738.397,0
2090,739.033,0
2091,739.569,0
2092,740.136,0
2093,740.597,0
2094,740.696,0
2095,740.55,0
2096,740.217,0
2097,739.61,0
2098,738.839,0
2099,737.967,0
2100,737.227,0
2101,736.488,0
2102,735.93,0
2103,735.418,0
2104,734.998,0
2105,734.657,0
2106,734.452,0
2107,734.743,0
2108,735.158,0
2109,735.556,0
2110,736.125,0
2111,736.781,0
2112,737.305,0
2113,737.895,0
2114,738.309,0
2115,738.74,0
2116,739.276,0
2117,739.751,0
2118,740.182,0
2119,740.434,0
2120,740.252,0
2121,740.029,0
2122,739.567,0
2123,738.668,0
2124,737.794,0
2125,737.066,0
2126,736.489,0
2127,736.043,0
2128,735.57,0
2129,735.209,0
2130,735.109,0
2131,735.288,0
2132,735.622,0
2133,735.95,0
2134,736.456,0
2135,736.878,0
2136,737.393,0
2137,737.801,0
2138,738.386,0
2139,738.626,0
2140,738.952,0
2141,739.323,0
2142,739.917,0
2143,740.19,0
2144,740.076,0
2145,739.802,0
2146,739.543,0
2147,738.991,0
2148,738.402,0
2149,737.591,0
2150,736.951,0
2151,736.381,0
2152,735.934,0
2153,735.476,0
2154,734.964,0
2155,734.632,0
2156,734.688,0
2157,734.798,0
2158,734.752,0
2159,734.945,0
2160,735.422,0
2161,735.854,0
2162,736.255,0
2163,736.69,0
2164,737.101,0
2165,737.643,0
2166,738.204,0
2167,738.53,0
2168,738.947,0
2169,739.151,0
2170,738.932,0
2171,738.576,0
2172,738.134,0
2173,737.452,0
2174,736.791,0
2175,736.298,0
2176,735.897,0
2177,735.565,0
2178,735.311,0
2179,735.021,0
2180,734.905,0
2181,735.016,0
2182,735.161,0
2183,735.181,0
2184,735.315,0
2185,735.784,0
2186,736.162,0
2187,736.596,0
2188,737.063,0
2189,737.794,0
2190,738.188,0
2191,738.795,0
2192,739.788,0
2193,739.747,0
2194,740.038,0
2195,739.705,0
2196,739.472,0
2197,738.95,0
2198,738.341,0
2199,737.857,0
2200,737.187,0
2201,736.81,0
2202,736.528,0
2203,736.245,0
2204,735.992,0
2205,735.785,0
2206,735.388,0
2207,735.406,0
2208,735.384,0
2209,735.427,0
2210,735.437,0
2211,735.798,0
2212,736.268,0
2213,736.558,0
2214,737.088,0
2215,737.614,0
2216,738.344,0
2217,738.927,0
2218,739.361,0
2219,739.801,0
2220,739.974,0
2221,739.739,0
2222,739.174,0
2223,738.705,0
2224,738.135,0
2225,737.75,0
2226,737.245,0
2227,736.764,0
2228,736.593,0
2229,736.082,0
2230,735.676,0
2231,735.563,0
2232,735.315,0
2233,735.524,0
2234,735.503,0
2235,735.54,0
2236,736.008,0
2237,736.34,0
2238,736.678,0
2239,-999,0
2240,737.834,0
2241,738.242,0
2242,738.739,0
2243,739.445,0
2244,739.583,0
2245,739.725,0
2246,739.754,0
2247,739.399,0
2248,738.973,0
2249,738.456,0
2250,737.872,0
2251,737.43,0
2252,737.117,0
2253,736.451,0
2254,735.826,0
2255,735.457,0
2256,734.855,0
2257,734.433,0
2258,734.288,0
2259,734.071,0
2260,734.348,0
2261,734.618,0
2262,735.136,0
2263,735.807,0
2264,736.32,0
2265,736.639,0
2266,737.416,0
2267,738.833,0
2268,738.309,0
2269,738.626,0
2270,739.575,0
2271,739.218,0
2272,739.138,0
2273,739.25,0
2274,738.011,0
2275,737.787,0
2276,737.456,0
2277,737.139,0
2278,736.336,0
2279,735.961,0
2280,734.573,0
2281,732.647,0
2282,732.175,0
2283,732.186,0
2284,733.28,0
2285,733.722,0
2286,735.011,0
2287,734.006,0
2288,734.106,0
2289,735.288,0
2290,736.59,0
2291,736.605,0
2292,739.019,0
2293,739.044,0
2294,739.81,0
2295,740.088,0
2296,740.128,0
2297,740.228,0
2298,740.015,0
2299,739.441,0
2300,738.979,0
2301,738.506,0
2302,737.758,0
2303,737.07,0
2304,736.755,0
2305,736.17,0
2306,735.675,0
2307,735.423,0
2308,735.397,0
2309,735.449,0
2310,735.234,0
2311,735.526,0
2312,736.468,0
2313,737.462,0
2314,738.115,0
2315,738.99,0
2316,740.266,0
2317,741.14,0
2318,742.038,0
2319,743.042,0
2320,744.191,0
2321,744.028,0
2322,743.483,0
2323,742.305,0
2324,741.569,0
2325,740.99,0
2326,739.8,0
2327,738.833,0
2328,738.15,0
2329,737.075,0
2330,736.507,0
2331,735.594,0
2332,734.831,0
2333,734.138,0
2334,733.94,0
2335,734.295,0
2336,734.823,0
2337,735.394,0
2338,735.915,0
2339,736.798,0
2340,737.604,0
2341,738.345,0
2342,739.157,0
2343,739.706,0
2344,740.298,0
2345,740.599,0
2346,740.613,0
2347,740.42,0
2348,740.163,0
2349,739.536,0
2350,738.8,0
2351,737.883,0
2352,736.749,0
2353,735.674,0
2354,734.82,0
2355,733.817,0
2356,732.929,0
2357,732.153,0
2358,731.618,0
2359,731.78,0
2360,732.215,0
2361,732.666,0
2362,733.408,0
2363,734.408,0
2364,735.133,0
2365,736.255,0
2366,737.239,0
2367,737.95,0
2368,739.119,0
2369,740.187,0
2370,740.673,0
2371,740.978,0
2372,740.633,0
2373,740.099,0
2374,739.186,0
2375,738.135,0
2376,737.192,0
2377,735.967,0
2378,734.975,0
2379,733.961,0
2380,732.739,0
2381,731.925,0
2382,731.108,0
2383,730.681,0
2384,730.86,0
2385,731.478,0
2386,731.999,0
2387,732.957,0
2388,734.104,0
2389,735.219,0
2390,736.56,0
2391,738.174,0
2392,739.293,0
2393,740.579,0
2394,741.594,0
2395,742.174,0
2396,742.018,0
2397,741.855,0
2398,741.429,0
2399,740.667,0
2400,740.117,0
2401,739.003,0
2402,737.558,0
2403,737.337,0
2404,737.118,0
2405,735.57,0
2406,734.216,0
2407,734.501,0
2408,734.107,0
2409,733.995,0
2410,737.452,0
2411,738.602,0
2412,738.526,0
2413,739.566,0
2414,738.386,0
2415,739.029,0
2416,740.837,0
2417,744.736,0
2418,746.085,0
2419,744.1456,0
2420,745.7697,0
2421,745.68,0
2422,744.769,0
2423,743.729,0
2424,742.133,0
2425,741.157,0
2426,740.312,0
2427,738.656,0
2428,736.637,0
2429,735.16,0
2430,734.112,0
2431,733.315,0
2432,732.512,0
2433,732.307,0
2434,732.586,0
2435,733.09,0
2436,733.94,0
2437,734.816,0
2438,736.427,0
2439,737.527,0
2440,738.736,0
2441,740.135,0
2442,741.194,0
2443,742.323,0
2444,744.628,0
2445,743.923,0
2446,743.981,0
2447,743.619,0
2448,742.704,0
2449,741.931,0
2450,740.513,0
2451,738.739,0
2452,737.62,0
2453,736.375,0
2454,735.036,0
2455,733.959,0
2456,733.048,0
2457,732.776,0
2458,732.917,0
2459,733.189,0
2460,733.959,0
2461,735.087,0
2462,735.923,0
2463,737.32,0
2464,738.676,0
2465,739.774,0
2466,740.892,0
2467,742.103,0
2468,743.07,0
2469,743.587,0
2470,743.772,0
2471,743.338,0
2472,742.564,0
2473,741.737,0
2474,740.749,0
2475,739.257,0
2476,737.72,0
2477,736.146,0
2478,734.661,0
2479,733.291,0
2480,731.865,0
2481,730.678,0
2482,730.148,0
2483,730.181,0
2484,730.87,0
2485,731.652,0
2486,732.737,0
2487,733.94,0
2488,735.32,0
2489,736.494,0
2490,737.387,0
2491,738.736,0
2492,739.551,0
2493,740.357,0
2494,741.275,0
2495,741.49,0
2496,741.053,0
2497,740.588,0
2498,739.953,0
2499,738.967,0
2500,737.646,0
2501,736.065,0
2502,734.745,0
2503,733.707,0
2504,732.447,0
2505,731.406,0
2506,730.479,0
2507,730.216,0
2508,730.843,0
2509,731.744,0
2510,732.683,0
2511,733.968,0
2512,735.33,0
2513,736.697,0
2514,738.186,0
2515,739.244,0
2516,740.452,0
2517,741.633,0
2518,742.372,0
2519,742.898,0
2520,-999,0
2521,741.824,0
2522,741.063,0
2523,740.294,0
2524,739.026,0
2525,758.957,0
2526,719.892,0
2527,718.545,0
2528,717.262,0
2529,716.029,0
2530,714.789,0
2531,714.032,0
2532,714.028,0
2533,714.49,0
2534,715.174,0
2535,715.982,0
2536,717.169,0
2537,718.537,0
2538,720.007,0
2539,720.923,0
2540,722.043,0
2541,723.349,0
2542,724.178,0
2543,725.267,0
2544,726.031,0
2545,725.751,0
2546,725.391,0
2547,724.951,0
2548,723.876,0
2549,722.434,0
2550,720.979,0
2551,719.841,0
2552,718.834,0
2553,717.292,0
2554,716.107,0
2555,714.897,0
2556,714.686,0
2557,715.202,0
2558,715.926,0
2559,717.365,0
2560,718.24,0
2561,719.271,0
2562,720.279,0
2563,721.76,0
2564,722.853,0
2565,723.935,0
2566,724.987,0
2567,726.171,0
2568,726.925,0
2569,726.948,0
2570,726.459,0
2571,725.71,0
2572,724.913,0
2573,723.919,0
2574,722.552,0
2575,720.857,0
2576,719.544,0
2577,718.423,0
2578,717.256,0
2579,716.288,0
2580,715.492,0
2581,715.216,0
2582,715.815,0
2583,716.646,0
2584,717.41,0
2585,717.798,0
2586,718.61,0
2587,719.772,0
2588,720.776,0
2589,721.875,0
2590,722.718,0
2591,723.647,0
2592,724.294,0
2593,724.974,0
2594,724.779,0
2595,724.163,0
2596,723.665,0
2597,722.919,0
2598,721.55,0
2599,719.984,0
2600,718.51,0
2601,717.372,0
2602,716.442,0
2603,715.419,0
2604,714.959,0
2605,715.637,0
2606,715.343,0
2607,715.279,0
2608,716.158,0
2609,716.817,0
2610,718.828,0
2611,719.505,0
2612,721.435,0
2613,722.029,0
2614,723.576,0
2615,723.357,0
2616,724.179,0
2617,725.087,0
2618,724.575,0
2619,724.285,0
2620,723.922,0
2621,723.595,0
2622,722.612,0
2623,722.285,0
2624,720.217,0
2625,718.118,0
2626,716.947,0
2627,715.878,0
2628,714.921,0
2629,714.175,0
2630,713.829,0
2631,713.969,0
2632,714.92,0
2633,715.163,0
2634,716.238,0
2635,719.54,0
2636,721.361,0
2637,721.643,0
2638,721.584,0
2639,722.305,0
2640,722.739,0
2641,723.391,0
2642,724.111,0
2643,724.726,0
2644,724.522,0
2645,724.2,0
2646,724.557,0
2647,723.291,0
2648,721.968,0
2649,720.644,0
2650,719.568,0
2651,718.707,0
2652,718.122,0
2653,716.986,0
2654,716.817,0
2655,717.029,0
2656,717.251,0
2657,718.132,0
2658,719.141,0
2659,720.164,0
2660,721.112,0
2661,722.024,0
2662,723.373,0
2663,723.762,0
2664,724.902,0
2665,725.267,0
2666,725.998,0
2667,726.565,0
2668,726.427,0
2669,726.759,0
2670,725.331,0
2671,724.98,0
2672,723.795,0
2673,722.31,0
2674,721.031,0
2675,719.845,0
2676,719.24,0
2677,718.463,0
2678,718.038,0
2679,717.097,0
2680,716.906,0
2681,717.415,0
2682,717.898,0
2683,718.329,0
2684,719.185,0
2685,719.956,0
2686,721.003,0
2687,721.715,0
2688,721.975,0
2689,722.513,0
2690,723.133,0
2691,723.546,0
2692,723.834,0
2693,723.932,0
2694,723.765,0
2695,723.371,0
2696,722.791,0
2697,721.836,0
2698,720.858,0
2699,719.812,0
2700,718.838,0
2701,718.169,0
2702,717.553,0
2703,716.962,0
2704,716.698,0
2705,716.888,0
2706,717.602,0
2707,718.367,0
2708,718.977,0
2709,719.768,0
2710,720.726,0
2711,721.424,0
2712,722.054,0
2713,722.706,0
2714,723.302,0
2715,724.011,0
2716,724.527,0
2717,724.567,0
2718,724.545,0
2719,724.141,0
2720,723.567,0
2721,722.617,0
2722,721.666,0
2723,720.79,0
2724,719.828,0
2725,719.126,0
2726,718.7,0
2727,718.136,0
2728,717.652,0
2729,717.524,0
2730,717.848,0
2731,718.424,0
2732,719.127,0
2733,719.522,0
2734,720.264,0
2735,720.941,0
2736,721.463,0
2737,721.964,0
2738,722.37,0
2739,722.868,0
2740,723.162,0
2741,723.613,0
2742,723.873,0
2743,723.726,0
2744,723.466,0
2745,723.233,0
2746,722.557,0
2747,721.784,0
2748,720.935,0
2749,720.327,0
2750,719.888,0
2751,719.429,0
2752,719.106,0
2753,718.786,0
2754,718.891,0
2755,719.209,0
2756,719.722,0
2757,720.304,0
2758,720.763,0
2759,721.376,0
2760,721.979,0
2761,722.576,0
2762,723.056,0
2763,723.474,0
2764,724.002,0
2765,724.482,0
2766,724.832,0
2767,724.958,0
2768,724.702,0
2769,724.425,0
2770,723.958,0
2771,723.053,0
2772,722.283,0
2773,721.597,0
2774,721.131,0
2775,720.534,0
2776,720.077,0
2777,719.728,0
2778,719.523,0
2779,719.583,0
2780,719.849,0
2781,720.265,0
2782,720.589,0
2783,720.888,0
2784,721.236,0
2785,721.687,0
2786,721.958,0
2787,722.209,0
2788,722.505,0
2789,722.773,0
2790,723.077,0
2791,723.343,0
2792,723.32,0
2793,723.159,0
2794,722.975,0
2795,722.483,0
2796,721.732,0
2797,721.126,0
2798,720.656,0
2799,720.246,0
2800,719.966,0
2801,719.679,0
2802,719.25,0
2803,719.261,0
2804,719.401,0
2805,719.57,0
2806,719.968,0
2807,720.058,0
2808,720.433,0
2809,720.768,0
2810,721.183,0
2811,721.499,0
2812,722.113,0
2813,722.825,0
2814,-999,0
2815,723.343,0
2816,723.467,0
2817,723.384,0
2818,723.131,0
2819,722.865,0
2820,722.484,0
2821,-999,0
2822,-999,0
2823,-999,0
2824,-999,0
2825,-999,0
2826,720.317,0
2827,720.06,0
2828,719.987,0
2829,720.193,0
2830,720.075,0
2831,720.177,0
2832,720.239,0
2833,720.548,0
2834,720.771,0
2835,721.133,0
2836,721.382,0
2837,721.5,0
2838,721.881,0
2839,722.199,0
2840,722.807,0
2841,722.934,0
2842,722.862,0
2843,722.748,0
2844,722.703,0
2845,722.299,0
2846,721.716,0
2847,721.398,0
2848,721.12,0
2849,720.688,0
2850,720.582,0
2851,720.626,0
2852,720.459,0
2853,720.337,0
2854,720.287,0
2855,720.055,0
2856,720.125,0
2857,720.338,0
2858,720.462,0
2859,720.615,0
2860,720.768,0
2861,720.851,0
2862,721.243,0
2863,721.827,0
2864,722.229,0
2865,722.653,0
2866,722.873,0
2867,722.895,0
2868,722.911,0
2869,722.894,0
2870,722.375,0
2871,722.163,0
2872,721.703,0
2873,721.339,0
2874,721.072,0
2875,720.687,0
2876,720.566,0
2877,720.512,0
2878,720.331,0
2879,720.263,0
2880,720.215,0
2881,720.084,0
2882,719.966,0
2883,720.127,0
2884,720.249,0
2885,720.405,0
2886,720.718,0
2887,720.988,0
2888,721.359,0
2889,721.819,0
2890,722.161,0
2891,722.494,0
2892,722.779,0
2893,722.743,0
2894,722.735,0
2895,722.625,0
2896,722.29,0
2897,721.906,0
2898,721.588,0
2899,721.162,0
2900,720.906,0
2901,720.543,0
2902,720.313,0
2903,719.946,0
2904,719.522,0
2905,719.286,0
2906,719.268,0
2907,719.187,0
2908,719.199,0
2909,719.31,0
2910,719.65,0
2911,719.896,0
2912,720.306,0
2913,720.936,0
2914,721.267,0
2915,721.766,0
2916,722.278,0
2917,722.71,0
2918,722.692,0
2919,722.753,0
2920,722.647,0
2921,722.284,0
2922,722.021,0
2923,721.547,0
2924,721.101,0
2925,720.651,0
2926,720.28,0
2927,719.945,0
2928,719.524,0
2929,719.259,0
2930,719.118,0
2931,719.042,0
2932,719.057,0
2933,719.209,0
2934,719.351,0
2935,719.76,0
2936,720.24,0
2937,720.637,0
2938,721.087,0
2939,721.64,0
2940,722.106,0
2941,722.431,0
2942,722.733,0
2943,723.035,0
2944,723.163,0
2945,722.966,0
2946,722.595,0
2947,722.175,0
2948,721.724,0
2949,721.114,0
2950,720.608,0
2951,720.186,0
2952,719.608,0
2953,719.073,0
2954,718.786,0
2955,718.312,0
2956,718.348,0
2957,718.386,0
2958,718.527,0
2959,718.559,0
2960,719.423,0
2961,719.587,0
2962,719.913,0
2963,720.77,0
2964,721.283,0
2965,721.866,0
2966,722.613,0
2967,723.701,0
2968,723.796,0
2969,723.863,0
2970,723.875,0
2971,723.915,0
2972,723.36,0
2973,722.785,0
2974,721.771,0
2975,721.001,0
2976,720.883,0
2977,720.547,0
2978,720.25,0
2979,719.484,0
2980,719.317,0
2981,719.246,0
2982,718.758,0
2983,719.26,0
2984,719.601,0
2985,720.544,0
2986,720.492,0
2987,720.901,0
2988,722.067,0
2989,722.823,0
2990,723.757,0
2991,723.919,0
2992,724.364,0
2993,725.251,0
2994,725.292,0
2995,725.33,0
2996,724.355,0
2997,724.425,0
2998,724.238,0
2999,722.603,0
3000,722.165,0
3001,721.616,0
3002,720.208,0
3003,719.334,0
3004,718.672,0
3005,718.179,0
3006,718.176,0
3007,718.262,0
3008,718.689,0
3009,719.076,0
3010,719.425,0
3011,720.148,0
3012,720.723,0
3013,721.473,0
3014,722.212,0
3015,722.946,0
3016,723.521,0
3017,723.986,0
3018,724.443,0
3019,724.453,0
3020,724.268,0
3021,723.977,0
3022,723.204,0
3023,722.425,0
3024,721.688,0
3025,720.829,0
3026,719.988,0
3027,719.418,0
3028,718.866,0
3029,718.389,0
3030,718.197,0
3031,718.289,0
3032,718.634,0
3033,719.149,0
3034,719.682,0
3035,720.307,0
3036,721.038,0
3037,721.706,0
3038,722.304,0
3039,722.996,0
3040,723.586,0
3041,724.143,0
3042,724.479,0
3043,724.613,0
3044,724.484,0
3045,724.008,0
3046,723.359,0
3047,722.542,0
3048,721.626,0
3049,720.535,0
3050,719.425,0
3051,718.463,0
3052,717.718,0
3053,716.918,0
3054,716.278,0
3055,716.052,0
3056,716.146,0
3057,716.59,0
3058,717.193,0
3059,717.861,0
3060,718.73,0
3061,719.627,0
3062,720.368,0
3063,721.014,0
3064,721.741,0
3065,722.505,0
3066,722.959,0
3067,723.455,0
3068,723.717,0
3069,723.408,0
3070,723.037,0
3071,722.468,0
3072,721.481,0
3073,720.54,0
3074,719.684,0
3075,718.701,0
3076,717.859,0
3077,717.224,0
3078,716.673,0
3079,716.42,0
3080,716.586,0
3081,717.011,0
3082,717.716,0
3083,718.458,0
3084,719.138,0
3085,720.073,0
3086,720.913,0
3087,721.652,0
3088,722.47,0
3089,723.22,0
3090,723.98,0
3091,724.418,0
3092,724.637,0
3093,724.401,0
3094,723.876,0
3095,723.179,0
3096,722.257,0
3097,721.131,0
3098,719.933,0
3099,718.793,0
3100,717.721,0
3101,716.811,0
3102,716.101,0
3103,715.39,0
3104,715.029,0
3105,715.306,0
3106,715.813,0
3107,716.404,0
3108,717.17,0
3109,718.063,0
3110,719.03,0
3111,719.853,0
3112,720.65,0
3113,721.345,0
3114,722.033,0
3115,722.772,0
3116,723.194,0
3117,723.258,0
3118,722.98,0
3119,722.48,0
3120,721.718,0
3121,720.585,0
3122,719.452,0
3123,718.444,0
3124,717.245,0
3125,716.303,0
3126,715.404,0
3127,714.645,0
3128,714.257,0
3129,714.353,0
3130,714.743,0
3131,715.297,0
3132,716.009,0
3133,716.819,0
3134,717.827,0
3135,719.008,0
3136,719.875,0
3137,720.831,0
3138,721.805,0
3139,722.69,0
3140,723.434,0
3141,723.814,0
3142,723.648,0
3143,723.177,0
3144,722.667,0
3145,721.849,0
3146,720.73,0
3147,719.72,0
3148,718.665,0
3149,717.673,0
3150,716.956,0
3151,716.199,0
3152,715.547,0
3153,715.368,0
3154,715.563,0
3155,715.979,0
3156,716.669,0
3157,717.567,0
3158,718.553,0
3159,719.752,0
3160,721.063,0
3161,721.883,0
3162,722.665,0
3163,723.401,0
3164,724.148,0
3165,724.61,0
3166,724.68,0
3167,724.181,0
3168,723.625,0
3169,722.904,0
3170,721.724,0
3171,720.506,0
3172,719.237,0
3173,718.005,0
3174,717.074,0
3175,716.309,0
3176,715.541,0
3177,715.244,0
3178,715.415,0
3179,716.082,0
3180,716.85,0
3181,717.571,0
3182,718.482,0
3183,719.707,0
3184,720.737,0
3185,721.538,0
3186,722.429,0
3187,723.228,0
3188,723.898,0
3189,724.389,0
3190,724.588,0
3191,724.286,0
3192,723.65,0
3193,722.984,0
3194,722.071,0
3195,720.854,0
3196,719.432,0
3197,718.153,0
3198,716.949,0
3199,715.982,0
3200,715.071,0
3201,714.215,0
3202,713.815,0
3203,714.046,0
3204,714.738,0
3205,715.594,0
3206,716.581,0
3207,717.701,0
3208,718.978,0
3209,719.963,0
3210,720.876,0
3211,721.801,0
3212,722.643,0
3213,723.459,0
3214,724.046,0
3215,724.287,0
3216,724.083,0
3217,723.503,0
3218,722.737,0
3219,721.273,0
3220,720.05,0
3221,718.849,0
3222,717.813,0
3223,716.96,0
3224,716.065,0
3225,715.349,0
3226,715.07,0
3227,715.427,0
3228,716.057,0
3229,716.772,0
3230,717.718,0
3231,718.702,0
3232,719.692,0
3233,720.743,0
3234,721.834,0
3235,722.682,0
3236,723.627,0
3237,724.565,0
3238,725.135,0
3239,725.385,0
3240,725.21,0
3241,724.532,0
3242,723.894,0
3243,722.976,0
3244,721.602,0
3245,720.3,0
3246,719.052,0
3247,717.956,0
3248,716.981,0
3249,716.094,0
3250,715.151,0
3251,714.91,0
3252,715.581,0
3253,715.92,0
3254,716.756,0
3255,717.622,0
3256,718.709,0
3257,719.818,0
3258,721.02,0
3259,721.914,0
3260,-999,0
3261,722.806,0
3262,724.096,0
3263,724.645,0
3264,724.723,0
3265,724.285,0
3266,723.922,0
3267,723.266,0
3268,721.877,0
3269,720.658,0
3270,719.411,0
3271,717.999,0
3272,717.005,0
3273,716.052,0
3274,715.215,0
3275,714.807,0
3276,715.018,0
3277,715.579,0
3278,716.339,0
3279,717.306,0
3280,718.445,0
3281,719.439,0
3282,720.527,0
3283,721.47,0
3284,722.281,0
3285,723.112,0
3286,723.874,0
3287,724.367,0
3288,724.683,0
3289,724.322,0
3290,723.701,0
3291,723.133,0
3292,722.145,0
3293,720.81,0
3294,719.52,0
3295,718.183,0
3296,717.184,0
3297,716.3,0
3298,715.259,0
3299,714.52,0
3300,714.256,0
3301,714.493,0
3302,715.245,0
3303,715.959,0
3304,716.956,0
3305,718.113,0
3306,719.406,0
3307,720.323,0
3308,721.233,0
3309,722.309,0
3310,723.118,0
3311,723.754,0
3312,724.326,0
3313,724.657,0
3314,724.075,0
3315,723.506,0
3316,722.941,0
3317,721.717,0
3318,720.247,0
3319,719.128,0
3320,718.437,0
3321,717.65,0
3322,716.937,0
3323,715.812,0
3324,715.414,0
3325,715.627,0
3326,716.259,0
3327,716.92,0
3328,717.672,0
3329,718.795,0
3330,720.103,0
3331,721.06,0
3332,721.916,0
3333,722.593,0
3334,723.29,0
3335,724.048,0
3336,724.577,0
3337,724.758,0
3338,724.584,0
3339,724.382,0
3340,723.939,0
3341,723.564,0
3342,721.798,0
3343,720.613,0
3344,719.255,0
3345,717.981,0
3346,717.07,0
3347,716.354,0
3348,715.367,0
3349,715.084,0
3350,715.342,0
3351,715.906,0
3352,716.507,0
3353,717.587,0
3354,718.494,0
3355,719.561,0
3356,720.55,0
3357,721.405,0
3358,722.111,0
3359,722.979,0
3360,723.676,0
3361,724.238,0
3362,724.484,0
3363,724.131,0
3364,723.788,0
3365,723.403,0
3366,722.309,0
3367,721.043,0
3368,719.934,0
3369,718.84,0
3370,717.994,0
3371,717.255,0
3372,716.432,0
3373,716.137,0
3374,716.293,0
3375,717.137,0
3376,717.851,0
3377,718.482,0
3378,719.616,0
3379,720.723,0
3380,721.341,0
3381,722.209,0
3382,722.936,0
3383,723.748,0
3384,724.875,0
3385,725.616,0
3386,725.453,0
3387,725.369,0
3388,725.074,0
3389,724.767,0
3390,723.919,0
3391,722.367,0
3392,720.865,0
3393,719.98,0
3394,718.801,0
3395,717.72,0
3396,716.915,0
3397,716.148,0
3398,715.609,0
3399,715.752,0
3400,716.117,0
3401,716.572,0
3402,717.047,0
3403,718.032,0
3404,718.937,0
3405,720.037,0
3406,720.443,0
3407,721.617,0
3408,721.655,0
3409,722.291,0
3410,722.89,0
3411,722.921,0
3412,722.595,0
3413,722.063,0
3414,721.545,0
3415,720.432,0
3416,719.47,0
3417,718.486,0
3418,717.235,0
3419,716.749,0
3420,716.14,0
3421,715.209,0
3422,714.965,0
3423,715.083,0
3424,715.581,0
3425,716.144,0
3426,716.548,0
3427,717.553,0
3428,718.667,0
3429,719.298,0
3430,719.964,0
3431,720.371,0
3432,720.839,0
3433,721.542,0
3434,722.263,0
3435,722.225,0
3436,722.045,0
3437,721.791,0
3438,721.474,0
3439,721.091,0
3440,720.438,0
3441,720.404,0
3442,719.238,0
3443,718.678,0
3444,717.621,0
3445,717.221,0
3446,716.444,0
3447,716.602,0
3448,716.759,0
3449,716.649,0
3450,717.086,0
3451,717.373,0
3452,717.851,0
3453,719.024,0
3454,719.609,0
3455,720.485,0
3456,721.722,0
3457,722.436,0
3458,723.282,0
3459,723.691,0
3460,723.766,0
3461,723.593,0
3462,723.041,0
3463,722.737,0
3464,722.027,0
3465,721.282,0
3466,720.495,0
3467,720.085,0
3468,719.543,0
3469,718.537,0
3470,717.766,0
3471,717.537,0
3472,717.26,0
3473,717.148,0
3474,717.679,0
3475,718.098,0
3476,718.471,0
3477,719.087,0
3478,719.825,0
3479,720.568,0
3480,721.19,0
3481,722.084,0
3482,722.7,0
3483,723.377,0
3484,724.239,0
3485,724.305,0
3486,724.302,0
3487,723.945,0
3488,723.303,0
3489,722.512,0
3490,721.656,0
3491,721.058,0
3492,720.416,0
3493,719.856,0
3494,719.484,0
3495,719.082,0
3496,718.956,0
3497,719.077,0
3498,719.227,0
3499,719.448,0
3500,-999,0
3501,719.801,0
3502,720.812,0
3503,721.493,0
3504,721.93,0
3505,722.47,0
3506,723.087,0
3507,723.66,0
3508,724.361,0
3509,724.447,0
3510,724.484,0
3511,724.137,0
3512,723.784,0
3513,723.286,0
3514,722.506,0
3515,721.748,0
3516,721.108,0
3517,720.384,0
3518,719.756,0
3519,719.193,0
3520,718.626,0
3521,718.278,0
3522,718.074,0
3523,718.151,0
3524,718.398,0
3525,718.726,0
3526,719.133,0
3527,719.524,0
3528,719.951,0
3529,720.333,0
3530,720.559,0
3531,720.918,0
3532,721.41,0
3533,721.772,0
3534,722.234,0
3535,722.315,0
3536,722.27,0
3537,722.135,0
3538,721.809,0
3539,721.154,0
3540,720.64,0
3541,720.064,0
3542,719.589,0
3543,719.172,0
3544,718.767,0
3545,718.306,0
3546,718.032,0
3547,717.954,0
3548,717.979,0
3549,718.133,0
3550,718.451,0
3551,718.896,0
3552,719.435,0
3553,719.957,0
3554,720.472,0
3555,720.845,0
3556,721.307,0
3557,721.727,0
3558,721.971,0
3559,722.313,0
3560,722.491,0
3561,722.619,0
3562,722.447,0
3563,722.139,0
3564,721.638,0
3565,721.248,0
3566,720.731,0
3567,720.411,0
3568,720.316,0
3569,719.92,0
3570,719.434,0
3571,719.28,0
3572,719.468,0
3573,719.609,0
3574,719.427,0
3575,721.002,0
3576,721.151,0
3577,722.461,0
3578,723.219,0
3579,723.693,0
3580,724.393,0
3581,724.435,0
3582,724.704,0
3583,724.399,0
3584,725.26,0
3585,725.013,0
3586,725.438,0
3587,723.354,0
3588,723.517,0
3589,722.824,0
3590,721.511,0
3591,721.21,0
3592,720.792,0
3593,720.41,0
3594,719.87,0
3595,719.361,0
3596,718.834,0
3597,718.617,0
3598,718.499,0
3599,718.524,0
3600,718.772,0
3601,718.663,0
3602,718.593,0
3603,719.155,0
3604,719.467,0
3605,719.482,0
3606,720.06,0
3607,720.383,0
3608,720.658,0
3609,721.17,0
3610,721.463,0
3611,721.611,0
3612,721.602,0
3613,721.293,0
3614,720.98,0
3615,720.572,0
3616,720.026,0
3617,719.659,0
3618,719.517,0
3619,719.096,0
3620,718.815,0
3621,718.504,0
3622,718.173,0
3623,718.075,0
3624,717.975,0
3625,717.945,0
3626,717.921,0
3627,718.32,0
3628,718.624,0
3629,719.085,0
3630,719.806,0
3631,720.322,0
3632,721.122,0
3633,721.726,0
3634,722.137,0
3635,722.607,0
3636,723.045,0
3637,723.144,0
3638,723.29,0
3639,722.906,0
3640,722.61,0
3641,722.266,0
3642,721.824,0
3643,721.724,0
3644,721.225,0
3645,720.607,0
3646,720.567,0
3647,720.258,0
3648,719.812,0
3649,719.449,0
3650,718.788,0
3651,718.718,0
3652,719.139,0
3653,719.231,0
3654,719.571,0
3655,720.308,0
3656,720.892,0
3657,721.408,0
3658,721.983,0
3659,722.467,0
3660,722.967,0
3661,723.333,0
3662,723.354,0
3663,723.247,0
3664,723.132,0
3665,722.775,0
3666,722.133,0
3667,721.661,0
3668,720.998,0
3669,720.378,0
3670,719.852,0
3671,719.003,0
3672,718.289,0
3673,717.748,0
3674,717.387,0
3675,717.19,0
3676,717.198,0
3677,717.534,0
3678,718.115,0
3679,718.789,0
3680,719.382,0
3681,720.121,0
3682,720.836,0
3683,721.521,0
3684,722.235,0
3685,722.828,0
3686,723.363,0
3687,723.896,0
3688,723.956,0
3689,723.684,0
3690,723.44,0
3691,722.927,0
3692,722.156,0
3693,721.521,0
3694,720.912,0
3695,720.105,0
3696,719.421,0
3697,718.627,0
3698,717.91,0
3699,717.342,0
3700,717.167,0
3701,717.365,0
3702,717.551,0
3703,718.13,0
3704,718.916,0
3705,719.82,0
3706,720.759,0
3707,721.407,0
3708,722.141,0
3709,722.9,0
3710,723.508,0
3711,724.073,0
3712,724.358,0
3713,724.398,0
3714,724.1,0
3715,723.571,0
3716,722.754,0
3717,721.88,0
3718,720.952,0
3719,720.052,0
3720,719.111,0
3721,718.161,0
3722,717.264,0
3723,716.296,0
3724,715.749,0
3725,715.668,0
3726,715.777,0
3727,716.105,0
3728,716.734,0
3729,717.603,0
3730,718.476,0
3731,719.533,0
3732,720.364,0
3733,721.359,0
3734,722.282,0
3735,723.071,0
3736,723.949,0
3737,724.504,0
3738,725.004,0
3739,724.756,0
3740,724.202,0
3741,723.362,0
3742,722.315,0
3743,721.385,0
3744,720.418,0
3745,719.368,0
3746,718.535,0
3747,717.744,0
3748,716.927,0
3749,716.478,0
3750,716.399,0
3751,716.602,0
3752,717.062,0
3753,717.796,0
3754,718.579,0
3755,719.655,0
3756,720.758,0
3757,721.684,0
3758,722.721,0
3759,723.77,0
3760,724.632,0
3761,725.363,0
3762,725.651,0
3763,725.388,0
3764,724.946,0
3765,724.188,0
3766,723.15,0
3767,722.181,0
3768,721.142,0
3769,719.677,0
3770,718.593,0
3771,717.55,0
3772,716.528,0
3773,715.687,0
3774,714.995,0
3775,714.914,0
3776,715.268,0
3777,715.685,0
3778,716.501,0
3779,717.447,0
3780,718.581,0
3781,719.882,0
3782,720.81,0
3783,721.879,0
3784,723.151,0
3785,723.963,0
3786,724.795,0
3787,725.437,0
3788,725.274,0
3789,724.763,0
3790,724.245,0
3791,723.307,0
3792,722.133,0
3793,720.779,0
3794,719.575,0
3795,718.442,0
3796,717.259,0
3797,716.281,0
3798,715.417,0
3799,715.029,0
3800,715.264,0
3801,715.735,0
3802,716.486,0
3803,717.571,0
3804,718.787,0
3805,719.934,0
3806,721.265,0
3807,722.242,0
3808,723.286,0
3809,724.287,0
3810,725.142,0
3811,725.908,0
3812,726.109,0
3813,725.39,0
3814,724.68,0
3815,723.962,0
3816,722.676,0
3817,721.222,0
3818,719.644,0
3819,718.317,0
3820,717.206,0
3821,716.051,0
3822,714.888,0
3823,713.926,0
3824,713.682,0
3825,714.2,0
3826,714.891,0
3827,715.136,0
3828,716.117,0
3829,717.38,0
3830,718.774,0
3831,719.978,0
3832,720.812,0
3833,722.103,0
3834,723.13,0
3835,723.99,0
3836,724.97,0
3837,724.856,0
3838,724.372,0
3839,724.155,0
3840,723.164,0
3841,721.777,0
3842,720.439,0
3843,718.896,0
3844,717.739,0
3845,716.633,0
3846,715.383,0
3847,714.38,0
3848,713.888,0
3849,714.02,0
3850,714.659,0
3851,715.377,0
3852,716.483,0
3853,717.441,0
3854,718.849,0
3855,720.5,0
3856,721.677,0
3857,722.718,0
3858,724.066,0
3859,725.151,0
3860,726.035,0
3861,726.784,0
3862,726.766,0
3863,726.458,0
3864,725.645,0
3865,724.706,0
3866,722.717,0
3867,720.732,0
3868,719.33,0
3869,717.65,0
3870,716.402,0
3871,715.678,0
3872,714.911,0
3873,714.368,0
3874,714.788,0
3875,715.5,0
3876,716.055,0
3877,717.009,0
3878,718.153,0
3879,719.391,0
3880,720.802,0
3881,721.995,0
3882,723.201,0
3883,724.52,0
3884,725.482,0
3885,726.266,0
3886,726.593,0
3887,726.101,0
3888,725.707,0
3889,725.021,0
3890,723.732,0
3891,722.387,0
3892,720.917,0
3893,719.368,0
3894,718.095,0
3895,716.949,0
3896,715.672,0
3897,714.891,0
3898,714.885,0
3899,715.13,0
3900,716.15,0
3901,717.129,0
3902,718.08,0
3903,719.261,0
3904,720.562,0
3905,721.672,0
3906,722.871,0
3907,724.164,0
3908,725.19,0
3909,725.918,0
3910,726.598,0
3911,726.492,0
3912,725.894,0
3913,725.439,0
3914,724.759,0
3915,723.531,0
3916,722.141,0
3917,720.806,0
3918,719.578,0
3919,718.447,0
3920,717.558,0
3921,716.047,0
3922,715.059,0
3923,714.965,0
3924,715.313,0
3925,716.16,0
3926,716.889,0
3927,717.925,0
3928,719.122,0
3929,720.94,0
3930,721.969,0
3931,722.819,0
3932,723.923,0
3933,724.995,0
3934,725.602,0
3935,726.11,0
3936,725.832,0
3937,725.26,0
3938,724.595,0
3939,723.59,0
3940,722.316,0
3941,720.806,0
3942,719.565,0
3943,718.228,0
3944,717.023,0
3945,716.067,0
3946,714.721,0
3947,714.142,0
3948,714.485,0
3949,715.131,0
3950,716.065,0
3951,717.488,0
3952,718.66,0
3953,719.786,0
3954,721.172,0
3955,722.165,0
3956,722.927,0
3957,724.067,0
3958,724.787,0
3959,725.306,0
3960,725.591,0
3961,725.084,0
3962,724.509,0
3963,723.979,0
3964,722.914,0
3965,721.786,0
3966,720.342,0
3967,719.053,0
3968,717.96,0
3969,716.927,0
3970,715.873,0
3971,715.152,0
3972,714.916,0
3973,715.251,0
3974,715.861,0
3975,716.572,0
3976,717.549,0
3977,-999,0
3978,-999,0
3979,-999,0
3980,-999,0
3981,-999,0
3982,723.239,0
3983,724.888,0
3984,725.534,0
3985,725.349,0
3986,724.753,0
3987,724.305,0
3988,723.43,0
3989,722.166,0
3990,720.867,0
3991,719.606,0
3992,718.503,0
3993,717.623,0
3994,716.522,0
3995,715.415,0
3996,715.106,0
3997,715.296,0
3998,715.694,0
3999,716.428,0
4000,717.457,0
4001,718.401,0
4002,719.581,0
4003,720.799,0
4004,721.816,0
4005,722.821,0
4006,723.839,0
4007,724.862,0
4008,725.688,0
4009,726.038,0
4010,725.729,0
4011,725.208,0
4012,724.631,0
4013,723.652,0
4014,722.463,0
4015,721.194,0
4016,720.116,0
4017,719.068,0
4018,718.216,0
4019,717.645,0
4020,717.224,0
4021,716.802,0
4022,717.112,0
4023,717.623,0
4024,718.378,0
4025,718.916,0
4026,720.056,0
4027,720.603,0
4028,721.508,0
4029,722.264,0
4030,723.238,0
4031,724.119,0
4032,724.936,0
4033,725.868,0
4034,726.332,0
4035,725.725,0
4036,725.486,0
4037,724.48,0
4038,723.484,0
4039,722.305,0
4040,721.338,0
4041,720.468,0
4042,719.807,0
4043,718.783,0
4044,718.186,0
4045,717.623,0
4046,717.435,0
4047,717.664,0
4048,718.644,0
4049,719.471,0
4050,720.026,0
4051,720.907,0
4052,721.864,0
4053,723.001,0
4054,723.564,0
4055,724.197,0
4056,725.128,0
4057,725.664,0
4058,726.102,0
4059,725.943,0
4060,725.5,0
4061,725.292,0
4062,724.055,0
4063,722.971,0
4064,722.09,0
4065,720.996,0
4066,720.166,0
4067,718.896,0
4068,718.068,0
4069,717.327,0
4070,716.846,0
4071,716.649,0
4072,717.32,0
4073,717.664,0
4074,718.517,0
4075,719.252,0
4076,720.013,0
4077,720.949,0
4078,721.533,0
4079,722.018,0
4080,722.448,0
4081,722.962,0
4082,723.557,0
4083,723.775,0
4084,723.535,0
4085,723.125,0
4086,722.773,0
4087,721.964,0
4088,720.839,0
4089,719.845,0
4090,719.054,0
4091,718.47,0
4092,717.886,0
4093,717.176,0
4094,716.557,0
4095,716.392,0
4096,716.972,0
4097,717.463,0
4098,717.892,0
4099,718.419,0
4100,719.006,0
4101,720.001,0
4102,721.03,0
4103,721.471,0
4104,722.151,0
4105,722.949,0
4106,723.582,0
4107,723.99,0
4108,724.163,0
4109,723.803,0
4110,723.526,0
4111,723.121,0
4112,722.358,0
4113,721.615,0
4114,720.802,0
4115,719.891,0
4116,719.2,0
4117,718.606,0
4118,718.415,0
4119,718.057,0
4120,717.816,0
4121,718.173,0
4122,718.78,0
4123,719.205,0
4124,719.904,0
4125,720.688,0
4126,721.423,0
4127,722.054,0
4128,722.519,0
4129,723.166,0
4130,723.75,0
4131,724.076,0
4132,724.476,0
4133,724.59,0
4134,724.387,0
4135,724.185,0
4136,723.593,0
4137,722.751,0
4138,722.042,0
4139,721.276,0
4140,720.725,0
4141,720.138,0
4142,719.74,0
4143,719.053,0
4144,718.787,0
4145,718.987,0
4146,719.33,0
4147,719.774,0
4148,719.906,0
4149,720.511,0
4150,720.952,0
4151,721.485,0
4152,721.804,0
4153,722.189,0
4154,722.581,0
4155,722.862,0
4156,723.104,0
4157,723.272,0
4158,723.153,0
4159,722.896,0
4160,722.538,0
4161,721.856,0
4162,721.12,0
4163,720.417,0
4164,719.99,0
4165,719.581,0
4166,719.007,0
4167,718.7,0
4168,718.424,0
4169,718.364,0
4170,718.296,0
4171,718.685,0
4172,718.922,0
4173,719.33,0
4174,719.729,0
4175,720.186,0
4176,720.69,0
4177,721.097,0
4178,721.343,0
4179,721.657,0
4180,722.088,0
4181,722.429,0
4182,722.459,0
4183,722.299,0
4184,722.008,0
4185,721.51,0
4186,721.007,0
4187,720.381,0
4188,719.784,0
4189,719.504,0
4190,719.153,0
4191,718.772,0
4192,718.589,0
4193,718.391,0
4194,718.253,0
4195,718.351,0
4196,718.515,0
4197,718.59,0
4198,718.894,0
4199,719.365,0
4200,719.681,0
4201,720.082,0
4202,720.603,0
4203,721.032,0
4204,721.781,0
4205,722.484,0
4206,722.709,0
4207,723.03,0
4208,723.017,0
4209,722.857,0
4210,722.151,0
4211,721.693,0
4212,721.167,0
4213,720.966,0
4214,721.033,0
4215,720.869,0
4216,720.752,0
4217,720.824,0
4218,721.16,0
4219,720.882,0
4220,721.19,0
4221,721.359,0
4222,721.695,0
4223,721.253,0
4224,721.387,0
4225,721.573,0
4226,721.842,0
4227,722.267,0
4228,722.417,0
4229,722.846,0
4230,723.241,0
4231,723.49,0
4232,723.454,0
4233,723.976,0
4234,723.567,0
4235,722.929,0
4236,722.287,0
4237,722.277,0
4238,722.208,0
4239,721.827,0
4240,721.28,0
4241,720.8,0
4242,720.534,0
4243,720.322,0
4244,720.147,0
4245,720.244,0
4246,719.724,0
4247,719.684,0
4248,719.878,0
4249,719.924,0
4250,720.232,0
4251,720.554,0
4252,720.89,0
4253,721.293,0
4254,721.524,0
4255,721.958,0
4256,722.292,0
4257,722.497,0
4258,722.452,0
4259,722.406,0
4260,722.172,0
4261,721.957,0
4262,721.77,0
4263,721.46,0
4264,721.411,0
4265,721.489,0
4266,721.259,0
4267,721.231,0
4268,721.088,0
4269,720.996,0
4270,720.887,0
4271,720.654,0
4272,720.504,0
4273,720.54,0
4274,720.657,0
4275,720.743,0
4276,720.961,0
4277,721.436,0
4278,721.799,0
4279,722.118,0
4280,722.391,0
4281,722.723,0
4282,723.05,0
4283,722.987,0
4284,722.864,0
4285,722.766,0
4286,722.514,0
4287,722.227,0
4288,721.927,0
4289,721.655,0
4290,721.339,0
4291,721.047,0
4292,720.699,0
4293,720.358,0
4294,719.982,0
4295,719.641,0
4296,719.297,0
4297,719.051,0
4298,719.049,0
4299,719.081,0
4300,719.222,0
4301,719.572,0
4302,719.877,0
4303,720.29,0
4304,720.864,0
4305,721.337,0
4306,721.89,0
4307,722.312,0
4308,722.592,0
4309,722.571,0
4310,722.804,0
4311,722.679,0
4312,722.611,0
4313,722.386,0
4314,722.2,0
4315,721.439,0
4316,721.162,0
4317,721.024,0
4318,720.907,0
4319,720.71,0
4320,720.594,0
4321,720.343,0
4322,720.119,0
4323,720.147,0
4324,720.259,0
4325,720.41,0
4326,720.768,0
4327,721.285,0
4328,721.754,0
4329,722.242,0
4330,722.76,0
4331,723.194,0
4332,723.611,0
4333,723.971,0
4334,723.94,0
4335,723.963,0
4336,723.832,0
4337,723.485,0
4338,723.176,0
4339,722.813,0
4340,722.284,0
4341,721.764,0
4342,721.265,0
4343,720.663,0
4344,720.08,0
4345,719.583,0
4346,719.183,0
4347,718.915,0
4348,718.866,0
4349,719.041,0
4350,719.267,0
4351,719.614,0
4352,720.131,0
4353,720.807,0
4354,721.305,0
4355,721.981,0
4356,722.552,0
4357,722.833,0
4358,723.11,0
4359,723.417,0
4360,723.4,0
4361,723.192,0
4362,722.953,0
4363,722.483,0
4364,721.824,0
4365,721.377,0
4366,720.907,0
4367,720.325,0
4368,719.894,0
4369,719.401,0
4370,719.032,0
4371,718.848,0
4372,718.767,0
4373,718.815,0
4374,719.074,0
4375,719.457,0
4376,719.944,0
4377,720.476,0
4378,721.092,0
4379,721.7,0
4380,722.21,0
4381,722.815,0
4382,723.255,0
4383,723.395,0
4384,723.495,0
4385,723.646,0
4386,723.255,0
4387,722.867,0
4388,722.36,0
4389,721.673,0
4390,721.126,0
4391,720.487,0
4392,719.668,0
4393,718.988,0
4394,718.214,0
4395,717.575,0
4396,717.244,0
4397,717.07,0
4398,717.16,0
4399,717.557,0
4400,718.184,0
4401,718.757,0
4402,719.539,0
4403,720.3,0
4404,720.961,0
4405,721.587,0
4406,722.161,0
4407,722.731,0
4408,723.18,0
4409,723.447,0
4410,723.499,0
4411,723.178,0
4412,722.728,0
4413,722.157,0
4414,721.39,0
4415,720.728,0
4416,720.083,0
4417,719.328,0
4418,718.706,0
4419,718.262,0
4420,717.723,0
4421,717.481,0
4422,717.646,0
4423,717.972,0
4424,718.553,0
4425,719.245,0
4426,719.891,0
4427,720.731,0
4428,721.603,0
4429,722.239,0
4430,722.872,0
4431,723.554,0
4432,723.974,0
4433,724.395,0
4434,724.601,0
4435,724.328,0
4436,723.915,0
4437,723.375,0
4438,722.49,0
4439,721.533,0
4440,720.623,0
4441,719.692,0
4442,718.824,0
4443,718.084,0
4444,717.398,0
4445,716.858,0
4446,716.702,0
4447,716.774,0
4448,717.283,0
4449,717.836,0
4450,718.595,0
4451,719.551,0
4452,720.243,0
4453,721.092,0
4454,721.952,0
4455,722.714,0
4456,723.319,0
4457,723.891,0
4458,724.359,0
4459,724.36,0
4460,724.107,0
4461,723.582,0
4462,722.89,0
4463,722.106,0
4464,721.022,0
4465,719.9,0
4466,718.995,0
4467,718.276,0
4468,717.588,0
4469,717.038,0
4470,716.758,0
4471,716.911,0
4472,717.492,0
4473,718.068,0
4474,718.78,0
4475,719.625,0
4476,720.543,0
4477,721.455,0
4478,722.214,0
4479,722.886,0
4480,723.655,0
4481,724.285,0
4482,724.644,0
4483,724.847,0
4484,724.702,0
4485,724.129,0
4486,723.523,0
4487,722.686,0
4488,721.524,0
4489,720.386,0
4490,719.299,0
4491,718.09,0
4492,717.331,0
4493,716.613,0
4494,715.865,0
4495,715.624,0
4496,716.138,0
4497,716.596,0
4498,717.293,0
4499,718.328,0
4500,719.265,0
4501,720.278,0
4502,721.279,0
4503,722.065,0
4504,722.954,0
4505,723.905,0
4506,724.547,0
4507,725.07,0
4508,725.237,0
4509,724.889,0
4510,724.404,0
4511,723.692,0
4512,722.577,0
4513,721.407,0
4514,720.199,0
4515,719.078,0
4516,718.351,0
4517,717.604,0
4518,716.919,0
4519,716.654,0
4520,716.869,0
4521,717.412,0
4522,718.18,0
4523,718.992,0
4524,719.929,0
4525,720.931,0
4526,721.91,0
4527,722.786,0
4528,723.661,0
4529,724.597,0
4530,725.288,0
4531,725.928,0
4532,726.202,0
4533,725.92,0
4534,725.343,0
4535,724.772,0
4536,723.705,0
4537,722.398,0
4538,721.221,0
4539,719.97,0
4540,718.777,0
4541,717.732,0
4542,716.83,0
4543,716.152,0
4544,715.846,0
4545,716.067,0
4546,716.531,0
4547,717.423,0
4548,718.283,0
4549,719.273,0
4550,720.372,0
4551,721.441,0
4552,722.353,0
4553,723.268,0
4554,724.187,0
4555,724.966,0
4556,725.472,0
4557,725.513,0
4558,725.059,0
4559,724.519,0
4560,723.804,0
4561,722.719,0
4562,721.376,0
4563,719.949,0
4564,718.752,0
4565,717.903,0
4566,717.043,0
4567,716.181,0
4568,715.879,0
4569,716.033,0
4570,716.655,0
4571,717.459,0
4572,718.349,0
4573,719.441,0
4574,720.565,0
4575,721.544,0
4576,722.531,0
4577,723.384,0
4578,724.377,0
4579,725.218,0
4580,725.87,0
4581,726.209,0
4582,725.947,0
4583,725.266,0
4584,724.611,0
4585,723.699,0
4586,722.328,0
4587,720.99,0
4588,719.692,0
4589,718.626,0
4590,717.628,0
4591,716.761,0
4592,716.258,0
4593,715.787,0
4594,715.923,0
4595,716.694,0
4596,717.865,0
4597,718.773,0
4598,719.793,0
4599,720.831,0
4600,721.873,0
4601,722.91,0
4602,723.913,0
4603,724.694,0
4604,725.408,0
4605,725.973,0
4606,725.995,0
4607,725.763,0
4608,725.124,0
4609,724.491,0
4610,723.163,0
4611,721.76,0
4612,720.35,0
4613,719.161,0
4614,718.18,0
4615,717.13,0
4616,716.904,0
4617,716.912,0
4618,716.937,0
4619,717.412,0
4620,717.985,0
4621,719.36,0
4622,720.749,0
4623,721.891,0
4624,722.759,0
4625,723.537,0
4626,724.601,0
4627,725.329,0
4628,725.869,0
4629,726.538,0
4630,726.92,0
4631,726.528,0
4632,725.895,0
4633,725.164,0
4634,724.165,0
4635,722.826,0
4636,721.34,0
4637,719.957,0
4638,718.778,0
4639,717.793,0
4640,716.751,0
4641,715.973,0
4642,716.013,0
4643,716.478,0
4644,717.198,0
4645,718.095,0
4646,718.866,0
4647,720.03,0
4648,721.204,0
4649,722.268,0
4650,723.032,0
4651,723.874,0
4652,724.77,0
4653,725.544,0
4654,726.149,0
4655,726.267,0
4656,725.751,0
4657,725.285,0
4658,724.673,0
4659,723.471,0
4660,722.006,0
4661,720.527,0
4662,719.307,0
4663,718.247,0
4664,717.345,0
4665,716.606,0
4666,716.33,0
4667,716.599,0
4668,717.093,0
4669,717.974,0
4670,719.16,0
4671,720.243,0
4672,721.409,0
4673,722.535,0
4674,723.032,0
4675,723.901,0
4676,724.977,0
4677,725.663,0
4678,726.172,0
4679,726.31,0
4680,726.022,0
4681,725.491,0
4682,724.925,0
4683,723.994,0
4684,722.625,0
4685,721.053,0
4686,719.735,0
4687,718.58,0
4688,717.413,0
4689,716.436,0
4690,715.73,0
4691,715.384,0
4692,715.706,0
4693,716.429,0
4694,717.242,0
4695,718.445,0
4696,719.65,0
4697,720.745,0
4698,721.775,0
4699,722.745,0
4700,723.697,0
4701,724.523,0
4702,725.247,0
4703,725.87,0
4704,726.014,0
4705,725.553,0
4706,725.008,0
4707,724.246,0
4708,723.133,0
4709,721.792,0
4710,720.613,0
4711,719.641,0
4712,718.504,0
4713,717.555,0
4714,716.66,0
4715,716.438,0
4716,716.436,0
4717,717.167,0
4718,717.927,0
4719,718.887,0
4720,720.049,0
4721,721.207,0
4722,722.304,0
4723,723.133,0
4724,723.916,0
4725,724.699,0
4726,725.434,0
4727,726.029,0
4728,726.442,0
4729,726.292,0
4730,725.627,0
4731,724.958,0
4732,724.192,0
4733,723.032,0
4734,721.469,0
4735,720.157,0
4736,719.101,0
4737,718.326,0
4738,717.534,0
4739,716.749,0
4740,716.349,0
4741,716.645,0
4742,717.24,0
4743,717.964,0
4744,718.973,0
4745,720.172,0
4746,721.231,0
4747,722.413,0
4748,723.296,0
4749,723.995,0
4750,724.868,0
4751,725.462,0
4752,725.945,0
4753,726.068,0
4754,725.575,0
4755,725.014,0
4756,724.652,0
4757,723.569,0
4758,722.217,0
4759,720.862,0
4760,719.794,0
4761,718.945,0
4762,718.157,0
4763,717.443,0
4764,716.984,0
4765,717.151,0
4766,717.88,0
4767,718.172,0
4768,718.889,0
4769,719.97,0
4770,721.303,0
4771,721.99,0
4772,723.117,0
4773,724.109,0
4774,725.212,0
4775,725.737,0
4776,725.384,0
4777,726.133,0
4778,726.506,0
4779,725.563,0
4780,725.221,0
4781,724.003,0
4782,722.601,0
4783,721.539,0
4784,719.957,0
4785,718.791,0
4786,717.971,0
4787,716.85,0
4788,716.591,0
4789,716.329,0
4790,716.564,0
4791,716.508,0
4792,717.016,0
4793,718.01,0
4794,718.799,0
4795,720.008,0
4796,720.593,0
4797,721.239,0
4798,722.017,0
4799,722.848,0
4800,723.387,0
4801,723.931,0
4802,724.527,0
4803,724.125,0
4804,723.758,0
4805,723.354,0
4806,722.081,0
4807,721.338,0
4808,719.817,0
4809,718.543,0
4810,717.919,0
4811,717.203,0
4812,716.4498,0
4813,715.9189,0
4814,715.883,0
4815,716.1059,0
4816,716.935,0
4817,717.233,0
4818,718.0255,0
4819,-999,0
4820,719.731,0
4821,720.498,0
4822,721.301,0
4823,722.118,0
4824,722.909,0
4825,723.838,0
4826,724.755,0
4827,724.871,0
4828,724.62,0
4829,724.338,0
4830,723.73,0
4831,722.734,0
4832,721.768,0
4833,720.877,0
4834,720.028,0
4835,719.416,0
4836,718.838,0
4837,718.312,0
4838,718.183,0
4839,718.172,0
4840,718.429,0
4841,718.977,0
4842,719.588,0
4843,720.175,0
4844,720.913,0
4845,721.614,0
4846,722.289,0
4847,722.886,0
4848,723.616,0
4849,724.341,0
4850,724.947,0
4851,725.281,0
4852,725.198,0
4853,724.875,0
4854,724.459,0
4855,723.756,0
4856,722.966,0
4857,722.125,0
4858,721.281,0
4859,720.774,0
4860,719.94,0
4861,719.396,0
4862,718.949,0
4863,717.709,0
4864,717.605,0
4865,718.261,0
4866,718.281,0
4867,718.62,0
4868,719.617,0
4869,720.252,0
4870,720.554,0
4871,721.276,0
4872,722.242,0
4873,722.712,0
4874,723.638,0
4875,723.279,0
4876,723.41,0
4877,723.898,0
4878,723.232,0
4879,722.666,0
4880,721.347,0
4881,720.34,0
4882,719.353,0
4883,718.583,0
4884,717.885,0
4885,717.264,0
4886,716.641,0
4887,716.167,0
4888,716.175,0
4889,716.311,0
4890,716.5,0
4891,716.856,0
4892,717.401,0
4893,718.018,0
4894,718.601,0
4895,719.06,0
4896,719.57,0
4897,720.221,0
4898,720.715,0
4899,721.194,0
4900,721.792,0
4901,722.064,0
4902,721.904,0
4903,721.862,0
4904,721.407,0
4905,720.441,0
4906,720.045,0
4907,719.8,0
4908,719.434,0
4909,718.94,0
4910,718.401,0
4911,717.975,0
4912,717.748,0
4913,717.581,0
4914,717.369,0
4915,717.526,0
4916,717.97,0
4917,718.407,0
4918,718.958,0
4919,719.641,0
4920,720.357,0
4921,720.937,0
4922,721.62,0
4923,722.318,0
4924,723.093,0
4925,724.1,0
4926,724.167,0
4927,724.107,0
4928,723.6,0
4929,723.176,0
4930,722.657,0
4931,722.092,0
4932,721.46,0
4933,721.108,0
4934,720.63,0
4935,720.24,0
4936,720.089,0
4937,719.618,0
4938,719.354,0
4939,719.669,0
4940,719.159,0
4941,719.047,0
4942,719.133,0
4943,719.484,0
4944,719.948,0
4945,720.67,0
4946,720.914,0
4947,721.444,0
4948,721.984,0
4949,722.313,0
4950,722.926,0
4951,722.913,0
4952,722.556,0
4953,722.284,0
4954,721.833,0
4955,721.244,0
4956,720.706,0
4957,720.107,0
4958,719.781,0
4959,719.372,0
4960,718.794,0
4961,718.289,0
4962,717.937,0
4963,717.613,0
4964,717.371,0
4965,717.222,0
4966,717.303,0
4967,717.393,0
4968,717.651,0
4969,718.05,0
4970,718.346,0
4971,718.762,0
4972,719.346,0
4973,719.83,0
4974,720.489,0
4975,720.878,0
4976,721.134,0
4977,721.302,0
4978,721.349,0
4979,721.265,0
4980,721,0
4981,720.658,0
4982,720.374,0
4983,720.177,0
4984,720.054,0
4985,719.684,0
4986,719.296,0
4987,718.873,0
4988,718.572,0
4989,718.314,0
4990,718.141,0
4991,718.105,0
4992,718.224,0
4993,718.492,0
4994,718.903,0
4995,719.396,0
4996,719.892,0
4997,720.363,0
4998,720.913,0
4999,721.409,0
5000,721.8,0
5001,722.232,0
5002,722.588,0
5003,722.684,0
5004,722.654,0
5005,722.409,0
5006,722.04,0
5007,721.65,0
5008,721.237,0
5009,720.688,0
5010,720.205,0
5011,719.644,0
5012,719.077,0
5013,718.635,0
5014,718.425,0
5015,718.295,0
5016,718.04,0
5017,718.034,0
5018,718.3,0
5019,718.69,0
5020,719.17,0
5021,719.644,0
5022,720.104,0
5023,720.793,0
5024,721.487,0
5025,722.059,0
5026,722.566,0
5027,723.026,0
5028,723.477,0
5029,723.643,0
5030,723.358,0
5031,723.081,0
5032,722.652,0
5033,722.182,0
5034,721.747,0
5035,721.198,0
5036,720.723,0
5037,720.253,0
5038,719.668,0
5039,719.222,0
5040,718.85,0
5041,718.603,0
5042,718.518,0
5043,718.669,0
5044,719.023,0
5045,719.527,0
5046,720.115,0
5047,720.691,0
5048,721.346,0
5049,721.844,0
5050,722.327,0
5051,722.847,0
5052,723.289,0
5053,723.531,0
5054,723.59,0
5055,723.412,0
5056,723.021,0
5057,722.518,0
5058,721.807,0
5059,721.14,0
5060,720.411,0
5061,719.625,0
5062,718.892,0
5063,718.114,0
5064,717.388,0
5065,716.872,0
5066,716.588,0
5067,716.596,0
5068,716.789,0
5069,717.171,0
5070,717.798,0
5071,718.586,0
5072,719.298,0
5073,720.085,0
5074,720.932,0
5075,721.724,0
5076,722.452,0
5077,723.086,0
5078,723.644,0
5079,724.039,0
5080,724.057,0
5081,723.804,0
5082,723.355,0
5083,722.691,0
5084,721.982,0
5085,721.252,0
5086,720.483,0
5087,719.636,0
5088,718.943,0
5089,718.304,0
5090,717.742,0
5091,717.399,0
5092,717.377,0
5093,717.694,0
5094,718.207,0
5095,718.87,0
5096,719.907,0
5097,720.803,0
5098,721.65,0
5099,722.363,0
5100,723.248,0
5101,723.981,0
5102,724.764,0
5103,725.102,0
5104,725.153,0
5105,724.834,0
5106,724.222,0
5107,723.562,0
5108,722.794,0
5109,721.727,0
5110,720.723,0
5111,719.715,0
5112,718.772,0
5113,717.853,0
5114,716.956,0
5115,716.177,0
5116,715.852,0
5117,715.904,0
5118,716.204,0
5119,716.781,0
5120,717.618,0
5121,718.499,0
5122,719.395,0
5123,720.363,0
5124,721.305,0
5125,722.243,0
5126,723.168,0
5127,723.854,0
5128,724.555,0
5129,725.005,0
5130,724.878,0
5131,724.465,0
5132,723.788,0
5133,722.793,0
5134,721.861,0
5135,720.85,0
5136,719.795,0
5137,718.821,0
5138,717.893,0
5139,717.116,0
5140,716.499,0
5141,716.176,0
5142,716.363,0
5143,716.841,0
5144,717.494,0
5145,718.36,0
5146,719.417,0
5147,720.522,0
5148,721.583,0
5149,722.606,0
5150,723.518,0
5151,724.293,0
5152,724.885,0
5153,725.262,0
5154,725.212,0
5155,724.624,0
5156,723.873,0
5157,723.128,0
5158,722.133,0
5159,720.877,0
5160,719.521,0
5161,718.232,0
5162,717.129,0
5163,716.179,0
5164,715.258,0
5165,714.516,0
5166,714.197,0
5167,714.529,0
5168,715.047,0
5169,715.686,0
5170,716.627,0
5171,717.828,0
5172,718.943,0
5173,720.001,0
5174,721.127,0
5175,722.237,0
5176,723.317,0
5177,724.233,0
5178,724.81,0
5179,724.975,0
5180,724.684,0
5181,724.17,0
5182,723.434,0
5183,722.344,0
5184,721.085,0
5185,719.692,0
5186,718.453,0
5187,717.458,0
5188,716.506,0
5189,715.629,0
5190,715.218,0
5191,715.444,0
5192,715.986,0
5193,716.749,0
5194,717.734,0
5195,718.942,0
5196,720.196,0
5197,721.426,0
5198,722.414,0
5199,723.376,0
5200,724.34,0
5201,725.116,0
5202,725.759,0
5203,726.123,0
5204,725.788,0
5205,725.07,0
5206,724.351,0
5207,723.347,0
5208,722.019,0
5209,720.617,0
5210,719.167,0
5211,717.909,0
5212,716.667,0
5213,715.613,0
5214,714.668,0
5215,714.086,0
5216,714.162,0
5217,714.76,0
5218,715.514,0
5219,716.539,0
5220,717.702,0
5221,718.931,0
5222,720.208,0
5223,721.279,0
5224,722.414,0
5225,723.451,0
5226,724.262,0
5227,725.096,0
5228,725.549,0
5229,725.285,0
5230,724.827,0
5231,724.261,0
5232,723.202,0
5233,721.828,0
5234,720.359,0
5235,718.858,0
5236,717.615,0
5237,716.637,0
5238,715.542,0
5239,714.741,0
5240,714.729,0
5241,715.324,0
5242,716.125,0
5243,717.139,0
5244,718.176,0
5245,719.331,0
5246,720.561,0
5247,721.724,0
5248,722.619,0
5249,723.71,0
5250,724.805,0
5251,725.496,0
5252,725.997,0
5253,726.034,0
5254,725.321,0
5255,724.617,0
5256,723.895,0
5257,722.64,0
5258,721.134,0
5259,719.726,0
5260,718.172,0
5261,716.983,0
5262,715.888,0
5263,714.818,0
5264,714.13,0
5265,713.978,0
5266,714.472,0
5267,715.266,0
5268,716.283,0
5269,717.479,0
5270,718.686,0
5271,719.902,0
5272,721.018,0
5273,722.043,0
5274,722.987,0
5275,723.729,0
5276,724.535,0
5277,725.191,0
5278,725.157,0
5279,724.633,0
5280,724.07,0
5281,723.3,0
5282,722.086,0
5283,720.538,0
5284,718.995,0
5285,717.7,0
5286,716.616,0
5287,715.516,0
5288,714.723,0
5289,714.466,0
5290,714.753,0
5291,715.576,0
5292,716.596,0
5293,717.646,0
5294,718.884,0
5295,720.071,0
5296,721.189,0
5297,722.268,0
5298,723.306,0
5299,724.316,0
5300,725.129,0
5301,725.825,0
5302,726.06,0
5303,725.476,0
5304,724.692,0
5305,724.14,0
5306,723.149,0
5307,721.633,0
5308,720.055,0
5309,718.617,0
5310,717.197,0
5311,716.122,0
5312,715.019,0
5313,714.041,0
5314,713.838,0
5315,714.285,0
5316,715.131,0
5317,716.099,0
5318,717.189,0
5319,718.329,0
5320,719.595,0
5321,720.728,0
5322,721.815,0
5323,722.917,0
5324,723.584,0
5325,724.342,0
5326,725.148,0
5327,725.13,0
5328,724.496,0
5329,723.999,0
5330,723.273,0
5331,722.082,0
5332,720.675,0
5333,719.151,0
5334,717.848,0
5335,716.954,0
5336,715.864,0
5337,714.901,0
5338,714.597,0
5339,714.774,0
5340,715.402,0
5341,716.177,0
5342,717.21,0
5343,718.282,0
5344,719.476,0
5345,720.515,0
5346,721.438,0
5347,722.343,0
5348,723.334,0
5349,724.281,0
5350,724.956,0
5351,725.402,0
5352,725.145,0
5353,724.367,0
5354,723.918,0
5355,723.002,0
5356,721.46,0
5357,719.99,0
5358,718.796,0
5359,717.531,0
5360,716.641,0
5361,715.781,0
5362,714.706,0
5363,714.659,0
5364,715.027,0
5365,715.628,0
5366,716.446,0
5367,717.276,0
5368,718.371,0
5369,719.358,0
5370,720.356,0
5371,721.146,0
5372,721.832,0
5373,722.794,0
5374,723.464,0
5375,723.965,0
5376,724.288,0
5377,723.889,0
5378,723.297,0
5379,722.655,0
5380,721.538,0
5381,720.119,0
5382,718.906,0
5383,717.595,0
5384,716.517,0
5385,715.66,0
5386,714.901,0
5387,714.378,0
5388,714.473,0
5389,715.075,0
5390,715.784,0
5391,716.567,0
5392,717.54,0
5393,718.468,0
5394,719.45,0
5395,720.478,0
5396,721.277,0
5397,722.038,0
5398,722.868,0
5399,723.716,0
5400,724.123,0
5401,723.887,0
5402,723.323,0
5403,722.71,0
5404,721.723,0
5405,720.497,0
5406,719.373,0
5407,717.926,0
5408,716.959,0
5409,716.101,0
5410,715.308,0
5411,714.707,0
5412,714.351,0
5413,714.501,0
5414,715.151,0
5415,715.934,0
5416,716.677,0
5417,717.584,0
5418,718.585,0
5419,719.526,0
5420,720.442,0
5421,720.946,0
5422,721.649,0
5423,722.37,0
5424,722.884,0
5425,723.075,0
5426,722.798,0
5427,722.303,0
5428,721.72,0
5429,720.763,0
5430,719.581,0
5431,718.384,0
5432,717.204,0
5433,716.303,0
5434,715.666,0
5435,715.092,0
5436,714.449,0
5437,714.426,0
5438,714.912,0
5439,715.469,0
5440,716.116,0
5441,716.962,0
5442,717.746,0
5443,718.847,0
